REF_YR,region,kategori,beskrivelse,forbrug,inflation_t_tminus1,inflation_t_tplus1
2007,1,01.1,Fødevarer,31585,1.0445,1.077583333333333
2007,1,01.2,Ikke-alkoholiske drikkevarer,3190,1.041916666666667,1.072666666666667
2007,1,02.1,Alkoholiske drikkevarer,4703,1.017416666666667,1.07675
2007,1,02.2,Tobak,3087,1.017166666666667,1.020666666666667
2007,1,03.1,Beklædning,14824,.9700833333333333,.9940833333333333
2007,1,03.2,Fodtøj,4206,1.049916666666667,1.005
2007,1,04.1,Faktisk husleje,26739,1.020666666666667,1.026083333333333
2007,1,04.2,Beregnet lejeværdi af bolig,25108,1.020833333333333,1.022833333333333
2007,1,04.3,Vedligeholdelse og reparation af bolig,9840,1.05025,1.0445
2007,1,04.4,Vandforsyning og andre tjenester i forbindelse med boligen,7415,1.083,1.0655
2007,1,04.5,"Elektricitet, gas og andet brændsel",19161,1.002916666666667,1.063
2007,1,05.1,"Møbler og boligudstyr, tæpper og anden gulvbelægning",8850,1.004166666666667,1.019666666666667
2007,1,05.2,Boligtekstiler,1259,1.000416666666667,1.013083333333333
2007,1,05.3,Husholdningsapparater og reparation heraf,2941,1.005166666666667,1.007833333333333
2007,1,05.4,"Glas, service og husholdningsredskaber",1734,1.023416666666667,1.02175
2007,1,05.5,Værktøj og udstyr til hus og have,1634,1.008166666666667,1.01575
2007,1,05.6,Andre varer og tjenester til husholdningen,3814,1.0245,1.03825
2007,1,06.1,"Medicinske produkter, apparater og medicinsk udstyr",4090,.9781666666666666,.9551666666666667
2007,1,06.2,Ambulant behandling,3718,1.0265,1.03375
2007,1,06.3,Hospitalstjenester,105,1.026583333333333,1.0175
2007,1,07.1,Køb af køretøjer,15402,.9910833333333333,.9903333333333333
2007,1,07.2,Drift af personlige transportmidler,18875,1.027416666666667,1.051416666666667
2007,1,07.3,Transporttjenester,8419,1.046833333333333,1.04775
2007,1,08.1,Posttjenester,339,1.02325,1.1405
2007,1,08.2,Telefon- og telefaxudstyr,530,.8786666666666666,.82375
2007,1,08.3,Teletjenester,5836,.9919166666666667,1.001833333333333
2007,1,09.1,Audiovisuelt og fotografisk udstyr og dataudstyr,9914,.8981666666666667,.9135833333333333
2007,1,09.2,Andre større varige forbrugsgoder til fritids- og kulturaktiviteter,6644,1.005083333333333,.9571666666666666
2007,1,09.3,"Andet tilbehør og udstyr til fritid, haver og kæledyr",7343,1.01825,1.018333333333333
2007,1,09.4,Fritids- og kulturtjenester,10539,1.048,1.035
2007,1,09.5,"Aviser, bøger og papirvarer",4444,1.048,1.0385
2007,1,09.6,Pakkerejser,6802,1.0325,1.035666666666667
2007,1,10.,Uddannelse,1298,1.041,1.037666666666667
2007,1,11.1,"Restauranter, cafeer og kantiner mv.",14588,1.024166666666667,1.045833333333333
2007,1,11.2,Overnatningsfaciliteter,3621,1.037583333333333,1.03125
2007,1,12.1,Personlig pleje,7630,1.026916666666667,1.0285
2007,1,12.3,Andre personlige effekter,1974,1.036,1.048166666666667
2007,1,12.4,Daginstitutioner og social forsorg,3477,1.025666666666667,1.061666666666667
2007,1,12.5,Forsikring,11385,1.01225,1.02175
2007,1,12.6,Finansielle tjenester,1563,.9581666666666666,.9578333333333333
2007,1,12.7,Andre tjenester,1020,1.058666666666667,1.056833333333333
2007,2,01.1,Fødevarer,33800,1.042666666666667,1.075666666666667
2007,2,01.2,Ikke-alkoholiske drikkevarer,3281,1.050166666666667,1.07475
2007,2,02.1,Alkoholiske drikkevarer,4124,1.01625,1.07025
2007,2,02.2,Tobak,3425,1.017666666666667,1.019166666666667
2007,2,03.1,Beklædning,13363,.9714166666666667,.99725
2007,2,03.2,Fodtøj,2713,1.045416666666667,1.0075
2007,2,04.1,Faktisk husleje,14494,1.02025,1.03
2007,2,04.2,Beregnet lejeværdi af bolig,29546,1.020833333333333,1.022833333333333
2007,2,04.3,Vedligeholdelse og reparation af bolig,6546,1.045166666666667,1.042666666666667
2007,2,04.4,Vandforsyning og andre tjenester i forbindelse med boligen,8358,1.08175,1.06625
2007,2,04.5,"Elektricitet, gas og andet brændsel",24192,1.004083333333333,1.077333333333333
2007,2,05.1,"Møbler og boligudstyr, tæpper og anden gulvbelægning",6404,1.007,1.01975
2007,2,05.2,Boligtekstiler,1356,1.0045,1.01825
2007,2,05.3,Husholdningsapparater og reparation heraf,2799,1.02475,1.00925
2007,2,05.4,"Glas, service og husholdningsredskaber",1658,1.020333333333333,1.02575
2007,2,05.5,Værktøj og udstyr til hus og have,2543,1.0085,1.01525
2007,2,05.6,Andre varer og tjenester til husholdningen,3699,1.025333333333333,1.036833333333333
2007,2,06.1,"Medicinske produkter, apparater og medicinsk udstyr",6152,.9833333333333334,.9780833333333333
2007,2,06.2,Ambulant behandling,4646,1.0275,1.03375
2007,2,06.3,Hospitalstjenester,95,1.026583333333333,1.0175
2007,2,07.1,Køb af køretøjer,28134,.9915833333333334,.9910833333333333
2007,2,07.2,Drift af personlige transportmidler,28106,1.026666666666667,1.0565
2007,2,07.3,Transporttjenester,5152,1.041833333333333,1.051416666666667
2007,2,08.1,Posttjenester,243,1.02325,1.1405
2007,2,08.2,Telefon- og telefaxudstyr,632,.8868333333333334,.8325833333333333
2007,2,08.3,Teletjenester,6018,1.00325,.9995833333333334
2007,2,09.1,Audiovisuelt og fotografisk udstyr og dataudstyr,8990,.91475,.92225
2007,2,09.2,Andre større varige forbrugsgoder til fritids- og kulturaktiviteter,3176,1.0145,1.012166666666667
2007,2,09.3,"Andet tilbehør og udstyr til fritid, haver og kæledyr",11531,1.004833333333333,1.01175
2007,2,09.4,Fritids- og kulturtjenester,8719,1.039916666666667,1.030833333333333
2007,2,09.5,"Aviser, bøger og papirvarer",4100,1.044916666666667,1.036
2007,2,09.6,Pakkerejser,8139,1.0325,1.035666666666667
2007,2,10.,Uddannelse,2654,1.043583333333333,1.040666666666667
2007,2,11.1,"Restauranter, cafeer og kantiner mv.",12482,1.024583333333333,1.046416666666667
2007,2,11.2,Overnatningsfaciliteter,3708,1.03775,1.027333333333333
2007,2,12.1,Personlig pleje,6154,1.025083333333333,1.025666666666667
2007,2,12.3,Andre personlige effekter,1648,1.033,1.045416666666667
2007,2,12.4,Daginstitutioner og social forsorg,3139,.9741666666666666,1.033333333333333
2007,2,12.5,Forsikring,15275,1.0085,1.01925
2007,2,12.6,Finansielle tjenester,974,.9928333333333333,.9933333333333333
2007,2,12.7,Andre tjenester,944,1.03175,1.058
2007,3,01.1,Fødevarer,29467,1.042833333333333,1.075583333333333
2007,3,01.2,Ikke-alkoholiske drikkevarer,3271,1.056,1.07975
2007,3,02.1,Alkoholiske drikkevarer,2912,1.016333333333333,1.069416666666667
2007,3,02.2,Tobak,3757,1.016416666666667,1.0185
2007,3,03.1,Beklædning,12822,.9688333333333333,.991
2007,3,03.2,Fodtøj,3687,1.04525,1.00625
2007,3,04.1,Faktisk husleje,17777,1.020583333333333,1.027
2007,3,04.2,Beregnet lejeværdi af bolig,26949,1.020833333333333,1.022833333333333
2007,3,04.3,Vedligeholdelse og reparation af bolig,7135,1.03825,1.036833333333333
2007,3,04.4,Vandforsyning og andre tjenester i forbindelse med boligen,5772,1.082,1.06825
2007,3,04.5,"Elektricitet, gas og andet brændsel",18842,1.00175,1.076166666666667
2007,3,05.1,"Møbler og boligudstyr, tæpper og anden gulvbelægning",6708,1.00475,1.019
2007,3,05.2,Boligtekstiler,913,1.003833333333333,1.017166666666667
2007,3,05.3,Husholdningsapparater og reparation heraf,2943,1.015916666666667,1.009333333333333
2007,3,05.4,"Glas, service og husholdningsredskaber",1604,1.025416666666667,1.0335
2007,3,05.5,Værktøj og udstyr til hus og have,1653,1.007666666666667,1.01525
2007,3,05.6,Andre varer og tjenester til husholdningen,3007,1.029583333333333,1.032083333333333
2007,3,06.1,"Medicinske produkter, apparater og medicinsk udstyr",4524,.986,.9921666666666666
2007,3,06.2,Ambulant behandling,3183,1.0285,1.03075
2007,3,06.3,Hospitalstjenester,152,1.026583333333333,1.0175
2007,3,07.1,Køb af køretøjer,22320,.99025,.9894166666666666
2007,3,07.2,Drift af personlige transportmidler,23147,1.028333333333333,1.056333333333333
2007,3,07.3,Transporttjenester,3839,1.042,1.053666666666667
2007,3,08.1,Posttjenester,397,1.02325,1.1405
2007,3,08.2,Telefon- og telefaxudstyr,579,.8844166666666666,.8304166666666666
2007,3,08.3,Teletjenester,5803,1.014666666666667,.9991666666666666
2007,3,09.1,Audiovisuelt og fotografisk udstyr og dataudstyr,6349,.9068333333333334,.9143333333333333
2007,3,09.2,Andre større varige forbrugsgoder til fritids- og kulturaktiviteter,656,1.015083333333333,1.029083333333333
2007,3,09.3,"Andet tilbehør og udstyr til fritid, haver og kæledyr",7461,1.012666666666667,1.023583333333333
2007,3,09.4,Fritids- og kulturtjenester,9043,1.037333333333333,1.031166666666667
2007,3,09.5,"Aviser, bøger og papirvarer",3504,1.044666666666667,1.035916666666667
2007,3,09.6,Pakkerejser,4423,1.0325,1.035666666666667
2007,3,10.,Uddannelse,1455,1.046833333333333,1.042416666666667
2007,3,11.1,"Restauranter, cafeer og kantiner mv.",10859,1.025916666666667,1.051666666666667
2007,3,11.2,Overnatningsfaciliteter,2784,1.037416666666667,1.03025
2007,3,12.1,Personlig pleje,6435,1.024833333333333,1.026
2007,3,12.3,Andre personlige effekter,2428,1.03575,1.047583333333333
2007,3,12.4,Daginstitutioner og social forsorg,3103,.9565,1.021166666666667
2007,3,12.5,Forsikring,13506,1.007,1.0165
2007,3,12.6,Finansielle tjenester,594,.9672499999999999,.9665833333333333
2007,3,12.7,Andre tjenester,641,1.029666666666667,1.054416666666667
2007,4,01.1,Fødevarer,31147,1.044416666666667,1.075166666666667
2007,4,01.2,Ikke-alkoholiske drikkevarer,2766,1.062083333333333,1.07775
2007,4,02.1,Alkoholiske drikkevarer,3976,1.015583333333333,1.062916666666667
2007,4,02.2,Tobak,3596,1.016583333333333,1.016916666666667
2007,4,03.1,Beklædning,10707,.9644166666666667,.9884166666666667
2007,4,03.2,Fodtøj,2672,1.042583333333333,1.006666666666667
2007,4,04.1,Faktisk husleje,20338,1.0205,1.029833333333333
2007,4,04.2,Beregnet lejeværdi af bolig,26822,1.020833333333333,1.022833333333333
2007,4,04.3,Vedligeholdelse og reparation af bolig,6162,1.041833333333333,1.038666666666667
2007,4,04.4,Vandforsyning og andre tjenester i forbindelse med boligen,6594,1.0795,1.066
2007,4,04.5,"Elektricitet, gas og andet brændsel",19682,.9999166666666667,1.084583333333333
2007,4,05.1,"Møbler og boligudstyr, tæpper og anden gulvbelægning",7542,1.006416666666667,1.018583333333333
2007,4,05.2,Boligtekstiler,1156,.9976666666666667,.9989166666666667
2007,4,05.3,Husholdningsapparater og reparation heraf,3063,1.0115,1.008083333333333
2007,4,05.4,"Glas, service og husholdningsredskaber",1879,1.02475,1.0325
2007,4,05.5,Værktøj og udstyr til hus og have,1605,1.007,1.015166666666667
2007,4,05.6,Andre varer og tjenester til husholdningen,3478,1.02475,1.036916666666667
2007,4,06.1,"Medicinske produkter, apparater og medicinsk udstyr",6065,.9785833333333334,.9576666666666667
2007,4,06.2,Ambulant behandling,3105,1.029,1.03225
2007,4,06.3,Hospitalstjenester,2,1.026583333333333,1.0175
2007,4,07.1,Køb af køretøjer,21658,.99075,.9898333333333333
2007,4,07.2,Drift af personlige transportmidler,25280,1.02825,1.053
2007,4,07.3,Transporttjenester,3899,1.042833333333333,1.055583333333333
2007,4,08.1,Posttjenester,230,1.02325,1.1405
2007,4,08.2,Telefon- og telefaxudstyr,442,.8849166666666667,.8306666666666667
2007,4,08.3,Teletjenester,6086,1.016833333333333,1
2007,4,09.1,Audiovisuelt og fotografisk udstyr og dataudstyr,6328,.8955833333333334,.9023333333333333
2007,4,09.2,Andre større varige forbrugsgoder til fritids- og kulturaktiviteter,1746,1.014166666666667,1.029333333333333
2007,4,09.3,"Andet tilbehør og udstyr til fritid, haver og kæledyr",7354,1.001833333333333,1.006666666666667
2007,4,09.4,Fritids- og kulturtjenester,10349,1.025166666666667,1.022666666666667
2007,4,09.5,"Aviser, bøger og papirvarer",3477,1.044833333333333,1.035333333333333
2007,4,09.6,Pakkerejser,7165,1.0325,1.035666666666667
2007,4,10.,Uddanelse,2066,1.046666666666667,1.043666666666667
2007,4,11.1,"Restauranter, cafeer og kantiner mv.",15059,1.025916666666667,1.052583333333333
2007,4,11.2,Overnatningsfaciliteter,3412,1.037416666666667,1.031416666666667
2007,4,12.1,Personlig pleje,7564,1.028333333333333,1.028333333333333
2007,4,12.3,Andre personlige effekter,1956,1.034,1.0465
2007,4,12.4,Daginstitutioner og social forsorg,3735,.9578333333333333,1.019
2007,4,12.5,Forsikring,13914,1.00625,1.017
2007,4,12.6,Finansielle tjenester,925,.9685,.9689166666666666
2007,4,12.7,Andre tjenester,893,1.021333333333333,1.0525
2007,5,01.1,Fødevarer,29659,1.043,1.076083333333333
2007,5,01.2,Ikke-alkoholiske drikkevarer,2681,1.05475,1.073833333333333
2007,5,02.1,Alkoholiske drikkevarer,3141,1.014416666666667,1.058083333333333
2007,5,02.2,Tobak,2960,1.0165,1.016916666666667
2007,5,03.1,Beklædning,12963,.96775,.99425
2007,5,03.2,Fodtøj,2295,1.042666666666667,1.004583333333333
2007,5,04.1,Faktisk husleje,19517,1.021083333333333,1.04375
2007,5,04.2,Beregnet lejeværdi af bolig,25717,1.020833333333333,1.022833333333333
2007,5,04.3,Vedligeholdelse og reparation af bolig,5962,1.0505,1.043083333333333
2007,5,04.4,Vandforsyning og andre tjenester i forbindelse med boligen,6968,1.07725,1.06675
2007,5,04.5,"Elektricitet, gas og andet brændsel",21653,.9938333333333333,1.095083333333333
2007,5,05.1,"Møbler og boligudstyr, tæpper og anden gulvbelægning",7090,1.004166666666667,1.02025
2007,5,05.2,Boligtekstiler,1094,1.0115,1.020083333333333
2007,5,05.3,Husholdningsapparater og reparation heraf,1419,1.008666666666667,1.008166666666667
2007,5,05.4,"Glas, service og husholdningsredskaber",1641,1.023333333333333,1.023166666666667
2007,5,05.5,Værktøj og udstyr til hus og have,1992,1.008333333333333,1.015583333333333
2007,5,05.6,Andre varer og tjenester til husholdningen,2911,1.029583333333333,1.035833333333333
2007,5,06.1,"Medicinske produkter, apparater og medicinsk udstyr",4329,.9795,.9674166666666667
2007,5,06.2,Ambulant behandling,2769,1.0265,1.03175
2007,5,06.3,Hospitalstjenester,285,1.026583333333333,1.0175
2007,5,07.1,Køb af køretøjer,19890,.99125,.9909166666666667
2007,5,07.2,Drift af personlige transportmidler,27776,1.02625,1.052666666666667
2007,5,07.3,Transporttjenester,3779,1.043083333333333,1.056583333333333
2007,5,08.1,Posttjenester,346,1.02325,1.1405
2007,5,08.2,Telefon- og telefaxudstyr,324,.878,.8233333333333334
2007,5,08.3,Teletjenester,6228,1.01175,1.00025
2007,5,09.1,Audiovisuelt og fotografisk udstyr og dataudstyr,5967,.8999166666666667,.9078333333333333
2007,5,09.2,Andre større varige forbrugsgoder til fritids- og kulturaktiviteter,761,1.021666666666667,1.013916666666667
2007,5,09.3,"Andet tilbehør og udstyr til fritid, haver og kæledyr",7065,1.013416666666667,1.018166666666667
2007,5,09.4,Fritids- og kulturtjenester,8099,1.032333333333333,1.026083333333333
2007,5,09.5,"Aviser, bøger og papirvarer",4147,1.046166666666667,1.035
2007,5,09.6,Pakkerejser,4863,1.0325,1.035666666666667
2007,5,10.,Uddannelse,1210,1.048083333333333,1.04675
2007,5,11.1,"Restauranter, cafeer og kantiner mv.",10586,1.026083333333333,1.051666666666667
2007,5,11.2,Overnatningsfaciliteter,2213,1.038083333333333,1.030416666666667
2007,5,12.1,Personlig pleje,5673,1.029916666666667,1.029916666666667
2007,5,12.3,Andre personlige effekter,1426,1.03775,1.050833333333333
2007,5,12.4,Daginstitutioner og social forsorg,3146,.9608333333333333,1.019833333333333
2007,5,12.5,Forsikring,13749,1.00625,1.01575
2007,5,12.6,Finansielle tjenester,682,.992,.993
2007,5,12.7,Andre tjenester,572,1.02225,1.053916666666667
2008,1,01.1,Fødevarer,33315,1.077583333333333,.9965000000000001
2008,1,01.2,Ikke-alkoholiske drikkevarer,3214,1.072666666666667,1.003916666666667
2008,1,02.1,Alkoholiske drikkevarer,5194,1.07675,1.03275
2008,1,02.2,Tobak,2727,1.020666666666667,1.014666666666667
2008,1,03.1,Beklædning,15722,.9940833333333333,.9999166666666667
2008,1,03.2,Fodtøj,3991,1.005,1.070083333333333
2008,1,04.1,Faktisk husleje,25380,1.026083333333333,1.02825
2008,1,04.2,Beregnet lejeværdi af bolig,28901,1.022833333333333,1.030333333333333
2008,1,04.3,Vedligeholdelse og reparation af bolig,8794,1.0445,1.027333333333333
2008,1,04.4,Vandforsyning og andre tjenester i forbindelse med boligen,8781,1.0655,1.0755
2008,1,04.5,"Elektricitet, gas og andet brændsel",22257,1.063,.9930833333333333
2008,1,05.1,"Møbler og boligudstyr, tæpper og anden gulvbelægning",7433,1.019666666666667,1.02725
2008,1,05.2,Boligtekstiler,1026,1.013083333333333,1.0145
2008,1,05.3,Husholdningsapparater og reparation heraf,2659,1.007833333333333,1.023666666666667
2008,1,05.4,"Glas, service og husholdningsredskaber",1890,1.02175,1.057333333333333
2008,1,05.5,Værktøj og udstyr til hus og have,1642,1.01575,1.017666666666667
2008,1,05.6,Andre varer og tjenester til husholdningen,4339,1.03825,1.0265
2008,1,06.1,"Medicinske produkter, apparater og medicinsk udstyr",4791,.9551666666666667,1.04725
2008,1,06.2,Ambulant behandling,4369,1.03375,1.02675
2008,1,06.3,Hospitalstjenester,32,1.0175,1.018166666666667
2008,1,07.1,Køb af køretøjer,14276,.9903333333333333,.99575
2008,1,07.2,Drift af personlige transportmidler,20094,1.051416666666667,.9986666666666667
2008,1,07.3,Transporttjenester,8991,1.04775,1.0215
2008,1,08.1,Posttjenester,284,1.1405,1.011
2008,1,08.2,Telefon- og telefaxudstyr,461,.82375,.7091666666666667
2008,1,08.3,Teletjenester,6026,1.001833333333333,.9936666666666667
2008,1,09.1,Audiovisuelt og fotografisk udstyr og dataudstyr,8496,.9135833333333333,.9073333333333333
2008,1,09.2,Andre større varige forbrugsgoder til fritids- og kulturaktiviteter,744,.9571666666666666,.9975000000000001
2008,1,09.3,"Andet tilbehør og udstyr til fritid, haver og kæledyr",7444,1.018333333333333,1.0145
2008,1,09.4,Fritids- og kulturtjenester,11130,1.035,1.04025
2008,1,09.5,"Aviser, bøger og papirvarer",4328,1.0385,1.026083333333333
2008,1,09.6,Pakkerejser,8394,1.035666666666667,1.08275
2008,1,10.,Uddannelse,1945,1.037666666666667,1.035583333333333
2008,1,11.1,"Restauranter, cafeer og kantiner mv.",16090,1.045833333333333,1.024833333333333
2008,1,11.2,Overnatningsfaciliteter,3767,1.03125,.968
2008,1,12.1,Personlig pleje,7236,1.0285,1.01325
2008,1,12.3,Andre personlige effekter,2519,1.048166666666667,1.028166666666667
2008,1,12.4,Daginstitutioner og social forsorg,3519,1.061666666666667,1.052833333333333
2008,1,12.5,Forsikring,11127,1.02175,1.044
2008,1,12.6,Finansielle tjenester,1537,.9578333333333333,1.02625
2008,1,12.7,Andre tjenester,1394,1.056833333333333,1.049833333333333
2008,2,01.1,Fødevarer,33298,1.075666666666667,.999
2008,2,01.2,Ikke-alkoholiske drikkevarer,3301,1.07475,1.00175
2008,2,02.1,Alkoholiske drikkevarer,5073,1.07025,1.029583333333333
2008,2,02.2,Tobak,3958,1.019166666666667,1.014333333333333
2008,2,03.1,Beklædning,12627,.99725,1.00275
2008,2,03.2,Fodtøj,2841,1.0075,1.076833333333333
2008,2,04.1,Faktisk husleje,15969,1.03,1.025583333333333
2008,2,04.2,Beregnet lejeværdi af bolig,30799,1.022833333333333,1.030333333333333
2008,2,04.3,Vedligeholdelse og reparation af bolig,5464,1.042666666666667,1.018
2008,2,04.4,Vandforsyning og andre tjenester i forbindelse med boligen,8172,1.06625,1.075333333333333
2008,2,04.5,"Elektricitet, gas og andet brændsel",23840,1.077333333333333,.9824166666666667
2008,2,05.1,"Møbler og boligudstyr, tæpper og anden gulvbelægning",6947,1.01975,1.032
2008,2,05.2,Boligtekstiler,904,1.01825,1.007583333333333
2008,2,05.3,Husholdningsapparater og reparation heraf,3075,1.00925,1.05
2008,2,05.4,"Glas, service og husholdningsredskaber",1631,1.02575,1.055583333333333
2008,2,05.5,Værktøj og udstyr til hus og have,2419,1.01525,1.01675
2008,2,05.6,Andre varer og tjenester til husholdningen,3275,1.036833333333333,1.027916666666667
2008,2,06.1,"Medicinske produkter, apparater og medicinsk udstyr",4653,.9780833333333333,1.041333333333333
2008,2,06.2,Ambulant behandling,4127,1.03375,1.02675
2008,2,06.3,Hospitalstjenester,113,1.0175,1.018166666666667
2008,2,07.1,Køb af køretøjer,22135,.9910833333333333,.9931666666666666
2008,2,07.2,Drift af personlige transportmidler,28468,1.0565,.97625
2008,2,07.3,Transporttjenester,5266,1.051416666666667,1.017583333333333
2008,2,08.1,Posttjenester,239,1.1405,1.011
2008,2,08.2,Telefon- og telefaxudstyr,501,.8325833333333333,.6956666666666667
2008,2,08.3,Teletjenester,6264,.9995833333333334,.9815833333333334
2008,2,09.1,Audiovisuelt og fotografisk udstyr og dataudstyr,7283,.92225,.9231666666666667
2008,2,09.2,Andre større varige forbrugsgoder til fritids- og kulturaktiviteter,1515,1.012166666666667,1.006583333333333
2008,2,09.3,"Andet tilbehør og udstyr til fritid, haver og kæledyr",9575,1.01175,1.010083333333333
2008,2,09.4,Fritids- og kulturtjenester,9476,1.030833333333333,1.039083333333333
2008,2,09.5,"Aviser, bøger og papirvarer",4144,1.036,1.020833333333333
2008,2,09.6,Pakkerejser,5992,1.035666666666667,1.08275
2008,2,10.,Uddannelse,1540,1.040666666666667,1.043666666666667
2008,2,11.1,"Restauranter, cafeer og kantiner mv.",12594,1.046416666666667,1.02425
2008,2,11.2,Overnatningsfaciliteter,3423,1.027333333333333,.98925
2008,2,12.1,Personlig pleje,6928,1.025666666666667,1.0135
2008,2,12.3,Andre personlige effekter,1740,1.045416666666667,1.023416666666667
2008,2,12.4,Daginstitutioner og social forsorg,3257,1.033333333333333,1.055
2008,2,12.5,Forsikring,13598,1.01925,1.04025
2008,2,12.6,Finansielle tjenester,1133,.9933333333333333,1.0235
2008,2,12.7,Andre tjenester,706,1.058,1.055083333333333
2008,3,01.1,Fødevarer,31251,1.075583333333333,.9993333333333333
2008,3,01.2,Ikke-alkoholiske drikkevarer,3250,1.07975,.9994166666666666
2008,3,02.1,Alkoholiske drikkevarer,3587,1.069416666666667,1.03
2008,3,02.2,Tobak,3532,1.0185,1.013416666666667
2008,3,03.1,Beklædning,12445,.991,.99875
2008,3,03.2,Fodtøj,3714,1.00625,1.067833333333333
2008,3,04.1,Faktisk husleje,21149,1.027,1.031916666666667
2008,3,04.2,Beregnet lejeværdi af bolig,25996,1.022833333333333,1.030333333333333
2008,3,04.3,Vedligeholdelse og reparation af bolig,6743,1.036833333333333,1.02
2008,3,04.4,Vandforsyning og andre tjenester i forbindelse med boligen,6476,1.06825,1.075
2008,3,04.5,"Elektricitet, gas og andet brændsel",20115,1.076166666666667,.9728333333333333
2008,3,05.1,"Møbler og boligudstyr, tæpper og anden gulvbelægning",5684,1.019,1.0265
2008,3,05.2,Boligtekstiler,981,1.017166666666667,1.0035
2008,3,05.3,Husholdningsapparater og reparation heraf,2831,1.009333333333333,1.0205
2008,3,05.4,"Glas, service og husholdningsredskaber",2086,1.0335,1.062416666666667
2008,3,05.5,Værktøj og udstyr til hus og have,1374,1.01525,1.016583333333333
2008,3,05.6,Andre varer og tjenester til husholdningen,2965,1.032083333333333,1.024083333333333
2008,3,06.1,"Medicinske produkter, apparater og medicinsk udstyr",3593,.9921666666666666,1.039916666666667
2008,3,06.2,Ambulant behandling,3324,1.03075,1.025
2008,3,06.3,Hospitalstjenester,110,1.0175,1.018166666666667
2008,3,07.1,Køb af køretøjer,15641,.9894166666666666,.9928333333333333
2008,3,07.2,Drift af personlige transportmidler,23201,1.056333333333333,.98825
2008,3,07.3,Transporttjenester,3914,1.053666666666667,1.00625
2008,3,08.1,Posttjenester,343,1.1405,1.011
2008,3,08.2,Telefon- og telefaxudstyr,452,.8304166666666666,.6858333333333333
2008,3,08.3,Teletjenester,5829,.9991666666666666,.9830833333333333
2008,3,09.1,Audiovisuelt og fotografisk udstyr og dataudstyr,5948,.9143333333333333,.908
2008,3,09.2,Andre større varige forbrugsgoder til fritids- og kulturaktiviteter,674,1.029083333333333,1.033333333333333
2008,3,09.3,"Andet tilbehør og udstyr til fritid, haver og kæledyr",7617,1.023583333333333,1.016166666666667
2008,3,09.4,Fritids- og kulturtjenester,9180,1.031166666666667,1.037916666666667
2008,3,09.5,"Aviser, bøger og papirvarer",3395,1.035916666666667,1.02725
2008,3,09.6,Pakkerejser,4916,1.035666666666667,1.08275
2008,3,10.,Uddannelse,1013,1.042416666666667,1.048666666666667
2008,3,11.1,"Restauranter, cafeer og kantiner mv.",12366,1.051666666666667,1.024333333333333
2008,3,11.2,Overnatningsfaciliteter,3421,1.03025,.9758333333333333
2008,3,12.1,Personlig pleje,6619,1.026,1.013083333333333
2008,3,12.3,Andre personlige effekter,2373,1.047583333333333,1.018083333333333
2008,3,12.4,Daginstitutioner og social forsorg,3190,1.021166666666667,1.0585
2008,3,12.5,Forsikring,12528,1.0165,1.03775
2008,3,12.6,Finansielle tjenester,582,.9665833333333333,1.027583333333333
2008,3,12.7,Andre tjenester,767,1.054416666666667,1.041333333333333
2008,4,01.1,Fødevarer,31820,1.075166666666667,1.000083333333333
2008,4,01.2,Ikke-alkoholiske drikkevarer,2813,1.07775,1.0035
2008,4,02.1,Alkoholiske drikkevarer,4296,1.062916666666667,1.030666666666667
2008,4,02.2,Tobak,2849,1.016916666666667,1.013333333333333
2008,4,03.1,Beklædning,11140,.9884166666666667,1.003083333333333
2008,4,03.2,Fodtøj,2508,1.006666666666667,1.06525
2008,4,04.1,Faktisk husleje,21047,1.029833333333333,1.040916666666667
2008,4,04.2,Beregnet lejeværdi af bolig,29748,1.022833333333333,1.030333333333333
2008,4,04.3,Vedligeholdelse og reparation af bolig,5893,1.038666666666667,1.01775
2008,4,04.4,Vandforsyning og andre tjenester i forbindelse med boligen,7455,1.066,1.0695
2008,4,04.5,"Elektricitet, gas og andet brændsel",20029,1.084583333333333,.9645833333333333
2008,4,05.1,"Møbler og boligudstyr, tæpper og anden gulvbelægning",7295,1.018583333333333,1.02625
2008,4,05.2,Boligtekstiler,926,.9989166666666667,1.00975
2008,4,05.3,Husholdningsapparater og reparation heraf,3530,1.008083333333333,1.02025
2008,4,05.4,"Glas, service og husholdningsredskaber",1847,1.0325,1.05275
2008,4,05.5,Værktøj og udstyr til hus og have,1691,1.015166666666667,1.017
2008,4,05.6,Andre varer og tjenester til husholdningen,3453,1.036916666666667,1.026916666666667
2008,4,06.1,"Medicinske produkter, apparater og medicinsk udstyr",5100,.9576666666666667,1.04675
2008,4,06.2,Ambulant behandling,3198,1.03225,1.0245
2008,4,06.3,Hospitalstjenester,3,1.0175,1.018166666666667
2008,4,07.1,Køb af køretøjer,21180,.9898333333333333,.9926666666666667
2008,4,07.2,Drift af personlige transportmidler,25401,1.053,.9839166666666667
2008,4,07.3,Transporttjenester,3635,1.055583333333333,1.013666666666667
2008,4,08.1,Posttjenester,207,1.1405,1.011
2008,4,08.2,Telefon- og telefaxudstyr,348,.8306666666666667,.7153333333333334
2008,4,08.3,Teletjenester,6367,1,.9663333333333334
2008,4,09.1,Audiovisuelt og fotografisk udstyr og dataudstyr,6124,.9023333333333333,.8984166666666666
2008,4,09.2,Andre større varige forbrugsgoder til fritids- og kulturaktiviteter,1433,1.029333333333333,1.021
2008,4,09.3,"Andet tilbehør og udstyr til fritid, haver og kæledyr",7658,1.006666666666667,1.01125
2008,4,09.4,Fritids- og kulturtjenester,10497,1.022666666666667,1.04075
2008,4,09.5,"Aviser, bøger og papirvarer",3686,1.035333333333333,1.016083333333333
2008,4,09.6,Pakkerejser,7494,1.035666666666667,1.08275
2008,4,10.,Uddanelse,1624,1.043666666666667,1.050083333333333
2008,4,11.1,"Restauranter, cafeer og kantiner mv.",13131,1.052583333333333,1.02425
2008,4,11.2,Overnatningsfaciliteter,3503,1.031416666666667,.9878333333333333
2008,4,12.1,Personlig pleje,6719,1.028333333333333,1.012583333333333
2008,4,12.3,Andre personlige effekter,1771,1.0465,1.026666666666667
2008,4,12.4,Daginstitutioner og social forsorg,3821,1.019,1.056666666666667
2008,4,12.5,Forsikring,13351,1.017,1.038
2008,4,12.6,Finansielle tjenester,528,.9689166666666666,1.026416666666667
2008,4,12.7,Andre tjenester,811,1.0525,1.037833333333333
2008,5,01.1,Fødevarer,29548,1.076083333333333,1.000416666666667
2008,5,01.2,Ikke-alkoholiske drikkevarer,2778,1.073833333333333,1.002833333333333
2008,5,02.1,Alkoholiske drikkevarer,3370,1.058083333333333,1.024416666666667
2008,5,02.2,Tobak,2847,1.016916666666667,1.013166666666667
2008,5,03.1,Beklædning,14065,.99425,1.0025
2008,5,03.2,Fodtøj,2539,1.004583333333333,1.05625
2008,5,04.1,Faktisk husleje,20735,1.04375,1.034416666666667
2008,5,04.2,Beregnet lejeværdi af bolig,29347,1.022833333333333,1.030333333333333
2008,5,04.3,Vedligeholdelse og reparation af bolig,5873,1.043083333333333,1.01925
2008,5,04.4,Vandforsyning og andre tjenester i forbindelse med boligen,7357,1.06675,1.071833333333333
2008,5,04.5,"Elektricitet, gas og andet brændsel",22260,1.095083333333333,.9479166666666666
2008,5,05.1,"Møbler og boligudstyr, tæpper og anden gulvbelægning",8736,1.02025,1.024916666666667
2008,5,05.2,Boligtekstiler,820,1.020083333333333,1.020666666666667
2008,5,05.3,Husholdningsapparater og reparation heraf,2038,1.008166666666667,1.022666666666667
2008,5,05.4,"Glas, service og husholdningsredskaber",1550,1.023166666666667,1.05725
2008,5,05.5,Værktøj og udstyr til hus og have,2269,1.015583333333333,1.018
2008,5,05.6,Andre varer og tjenester til husholdningen,3254,1.035833333333333,1.031416666666667
2008,5,06.1,"Medicinske produkter, apparater og medicinsk udstyr",3212,.9674166666666667,1.044166666666667
2008,5,06.2,Ambulant behandling,3283,1.03175,1.0255
2008,5,06.3,Hospitalstjenester,130,1.0175,1.018166666666667
2008,5,07.1,Køb af køretøjer,14838,.9909166666666667,.9933333333333333
2008,5,07.2,Drift af personlige transportmidler,27842,1.052666666666667,.9923333333333333
2008,5,07.3,Transporttjenester,4277,1.056583333333333,.9918333333333333
2008,5,08.1,Posttjenester,173,1.1405,1.011
2008,5,08.2,Telefon- og telefaxudstyr,393,.8233333333333334,.6955
2008,5,08.3,Teletjenester,6421,1.00025,.9828333333333333
2008,5,09.1,Audiovisuelt og fotografisk udstyr og dataudstyr,5820,.9078333333333333,.9041666666666667
2008,5,09.2,Andre større varige forbrugsgoder til fritids- og kulturaktiviteter,486,1.013916666666667,.9960833333333333
2008,5,09.3,"Andet tilbehør og udstyr til fritid, haver og kæledyr",6936,1.018166666666667,1.016666666666667
2008,5,09.4,Fritids- og kulturtjenester,8365,1.026083333333333,1.043833333333333
2008,5,09.5,"Aviser, bøger og papirvarer",3590,1.035,1.010333333333333
2008,5,09.6,Pakkerejser,4846,1.035666666666667,1.08275
2008,5,10.,Uddannelse,1214,1.04675,1.054916666666667
2008,5,11.1,"Restauranter, cafeer og kantiner mv.",12329,1.051666666666667,1.02425
2008,5,11.2,Overnatningsfaciliteter,2126,1.030416666666667,.9719166666666667
2008,5,12.1,Personlig pleje,5550,1.029916666666667,1.01725
2008,5,12.3,Andre personlige effekter,1165,1.050833333333333,1.027166666666667
2008,5,12.4,Daginstitutioner og social forsorg,2567,1.019833333333333,1.056833333333333
2008,5,12.5,Forsikring,13684,1.01575,1.04
2008,5,12.6,Finansielle tjenester,701,.993,1.024
2008,5,12.7,Andre tjenester,626,1.053916666666667,1.0375
2009,1,01.1,Fødevarer,31701,.9965000000000001,1.002
2009,1,01.2,Ikke-alkoholiske drikkevarer,3338,1.003916666666667,1.0335
2009,1,02.1,Alkoholiske drikkevarer,6194,1.03275,.9984166666666666
2009,1,02.2,Tobak,2896,1.014666666666667,1.1555
2009,1,03.1,Beklædning,14224,.9999166666666667,1.006583333333333
2009,1,03.2,Fodtøj,2909,1.070083333333333,.99075
2009,1,04.1,Faktisk husleje,28472,1.02825,1.028666666666667
2009,1,04.2,Beregnet lejeværdi af bolig,28258,1.030333333333333,1.029166666666667
2009,1,04.3,Vedligeholdelse og reparation af bolig,6800,1.027333333333333,1.016166666666667
2009,1,04.4,Vandforsyning og andre tjenester i forbindelse med boligen,9628,1.0755,1.02425
2009,1,04.5,"Elektricitet, gas og andet brændsel",20194,.9930833333333333,1.071666666666667
2009,1,05.1,"Møbler og boligudstyr, tæpper og anden gulvbelægning",5542,1.02725,.9919166666666667
2009,1,05.2,Boligtekstiler,914,1.0145,1.003666666666667
2009,1,05.3,Husholdningsapparater og reparation heraf,2459,1.023666666666667,1.007083333333333
2009,1,05.4,"Glas, service og husholdningsredskaber",1683,1.057333333333333,1.006083333333333
2009,1,05.5,Værktøj og udstyr til hus og have,1508,1.017666666666667,1.01375
2009,1,05.6,Andre varer og tjenester til husholdningen,3935,1.0265,1.008416666666667
2009,1,06.1,"Medicinske produkter, apparater og medicinsk udstyr",4221,1.04725,1.020166666666667
2009,1,06.2,Ambulant behandling,4383,1.02675,1.01475
2009,1,06.3,Hospitalstjenester,78,1.018166666666667,.9920833333333333
2009,1,07.1,Køb af køretøjer,10176,.99575,.995
2009,1,07.2,Drift af personlige transportmidler,16835,.9986666666666667,1.07725
2009,1,07.3,Transporttjenester,8704,1.0215,1.005583333333333
2009,1,08.1,Posttjenester,347,1.011,1.00375
2009,1,08.2,Telefon- og telefaxudstyr,476,.7091666666666667,.8648333333333333
2009,1,08.3,Teletjenester,6041,.9936666666666667,.9788333333333333
2009,1,09.1,Audiovisuelt og fotografisk udstyr og dataudstyr,7001,.9073333333333333,.9439166666666666
2009,1,09.2,Andre større varige forbrugsgoder til fritids- og kulturaktiviteter,1077,.9975000000000001,1.018083333333333
2009,1,09.3,"Andet tilbehør og udstyr til fritid, haver og kæledyr",7274,1.0145,.9898333333333333
2009,1,09.4,Fritids- og kulturtjenester,9869,1.04025,1.028083333333333
2009,1,09.5,"Aviser, bøger og papirvarer",3992,1.026083333333333,1.025416666666667
2009,1,09.6,Pakkerejser,6713,1.08275,1.037333333333333
2009,1,10.,Uddannelse,1572,1.035583333333333,1.037666666666667
2009,1,11.1,"Restauranter, cafeer og kantiner mv.",14092,1.024833333333333,1.017666666666667
2009,1,11.2,Overnatningsfaciliteter,3513,.968,.9855833333333334
2009,1,12.1,Personlig pleje,7199,1.01325,1.018583333333333
2009,1,12.3,Andre personlige effekter,2492,1.028166666666667,1.009416666666667
2009,1,12.4,Daginstitutioner og social forsorg,3623,1.052833333333333,1.047833333333333
2009,1,12.5,Forsikring,11465,1.044,1.05925
2009,1,12.6,Finansielle tjenester,915,1.02625,1.048083333333333
2009,1,12.7,Andre tjenester,1374,1.049833333333333,1.03275
2009,2,01.1,Fødevarer,31254,.999,1.001666666666667
2009,2,01.2,Ikke-alkoholiske drikkevarer,3249,1.00175,1.028416666666667
2009,2,02.1,Alkoholiske drikkevarer,5160,1.029583333333333,.99825
2009,2,02.2,Tobak,3617,1.014333333333333,1.139666666666667
2009,2,03.1,Beklædning,10215,1.00275,1.0035
2009,2,03.2,Fodtøj,2421,1.076833333333333,.9930833333333333
2009,2,04.1,Faktisk husleje,17071,1.025583333333333,1.028333333333333
2009,2,04.2,Beregnet lejeværdi af bolig,34276,1.030333333333333,1.029166666666667
2009,2,04.3,Vedligeholdelse og reparation af bolig,5872,1.018,1.005833333333333
2009,2,04.4,Vandforsyning og andre tjenester i forbindelse med boligen,8768,1.075333333333333,1.024166666666667
2009,2,04.5,"Elektricitet, gas og andet brændsel",21814,.9824166666666667,1.073083333333333
2009,2,05.1,"Møbler og boligudstyr, tæpper og anden gulvbelægning",6671,1.032,.9960833333333333
2009,2,05.2,Boligtekstiler,831,1.007583333333333,1.008583333333333
2009,2,05.3,Husholdningsapparater og reparation heraf,2721,1.05,1.047833333333333
2009,2,05.4,"Glas, service og husholdningsredskaber",1439,1.055583333333333,1.008083333333333
2009,2,05.5,Værktøj og udstyr til hus og have,2244,1.01675,1.015666666666667
2009,2,05.6,Andre varer og tjenester til husholdningen,3285,1.027916666666667,1.009666666666667
2009,2,06.1,"Medicinske produkter, apparater og medicinsk udstyr",3564,1.041333333333333,1.0175
2009,2,06.2,Ambulant behandling,4215,1.02675,1.01375
2009,2,06.3,Hospitalstjenester,61,1.018166666666667,.9920833333333333
2009,2,07.1,Køb af køretøjer,15396,.9931666666666666,.9943333333333333
2009,2,07.2,Drift af personlige transportmidler,24817,.97625,1.077416666666667
2009,2,07.3,Transporttjenester,4411,1.017583333333333,1.009833333333333
2009,2,08.1,Posttjenester,189,1.011,1.00375
2009,2,08.2,Telefon- og telefaxudstyr,547,.6956666666666667,.84975
2009,2,08.3,Teletjenester,6272,.9815833333333334,.9738333333333333
2009,2,09.1,Audiovisuelt og fotografisk udstyr og dataudstyr,7198,.9231666666666667,.9632500000000001
2009,2,09.2,Andre større varige forbrugsgoder til fritids- og kulturaktiviteter,622,1.006583333333333,1.011666666666667
2009,2,09.3,"Andet tilbehør og udstyr til fritid, haver og kæledyr",8981,1.010083333333333,.9849166666666667
2009,2,09.4,Fritids- og kulturtjenester,9011,1.039083333333333,1.027583333333333
2009,2,09.5,"Aviser, bøger og papirvarer",3375,1.020833333333333,1.02425
2009,2,09.6,Pakkerejser,5093,1.08275,1.037333333333333
2009,2,10.,Uddannelse,1076,1.043666666666667,1.037916666666667
2009,2,11.1,"Restauranter, cafeer og kantiner mv.",9773,1.02425,1.01825
2009,2,11.2,Overnatningsfaciliteter,2670,.98925,.99525
2009,2,12.1,Personlig pleje,6304,1.0135,1.018583333333333
2009,2,12.3,Andre personlige effekter,1284,1.023416666666667,1.00075
2009,2,12.4,Daginstitutioner og social forsorg,4167,1.055,1.04575
2009,2,12.5,Forsikring,13847,1.04025,1.05375
2009,2,12.6,Finansielle tjenester,947,1.0235,1.036
2009,2,12.7,Andre tjenester,693,1.055083333333333,1.027333333333333
2009,3,01.1,Fødevarer,29932,.9993333333333333,.99975
2009,3,01.2,Ikke-alkoholiske drikkevarer,2743,.9994166666666666,1.026666666666667
2009,3,02.1,Alkoholiske drikkevarer,4273,1.03,.9994999999999999
2009,3,02.2,Tobak,3220,1.013416666666667,1.142416666666667
2009,3,03.1,Beklædning,11860,.99875,1.004666666666667
2009,3,03.2,Fodtøj,2323,1.067833333333333,.9834166666666666
2009,3,04.1,Faktisk husleje,20555,1.031916666666667,1.028166666666667
2009,3,04.2,Beregnet lejeværdi af bolig,30651,1.030333333333333,1.029166666666667
2009,3,04.3,Vedligeholdelse og reparation af bolig,7067,1.02,1.006333333333333
2009,3,04.4,Vandforsyning og andre tjenester i forbindelse med boligen,7517,1.075,1.02375
2009,3,04.5,"Elektricitet, gas og andet brændsel",19237,.9728333333333333,1.074083333333333
2009,3,05.1,"Møbler og boligudstyr, tæpper og anden gulvbelægning",4953,1.0265,.9865833333333334
2009,3,05.2,Boligtekstiler,1068,1.0035,1.0065
2009,3,05.3,Husholdningsapparater og reparation heraf,2761,1.0205,1.004083333333333
2009,3,05.4,"Glas, service og husholdningsredskaber",1983,1.062416666666667,1.00475
2009,3,05.5,Værktøj og udstyr til hus og have,1350,1.016583333333333,1.01175
2009,3,05.6,Andre varer og tjenester til husholdningen,3123,1.024083333333333,1.01
2009,3,06.1,"Medicinske produkter, apparater og medicinsk udstyr",3429,1.039916666666667,1.027083333333333
2009,3,06.2,Ambulant behandling,3610,1.025,1.01375
2009,3,06.3,Hospitalstjenester,0,1.018166666666667,.9920833333333333
2009,3,07.1,Køb af køretøjer,10622,.9928333333333333,.9945833333333334
2009,3,07.2,Drift af personlige transportmidler,22295,.98825,1.080666666666667
2009,3,07.3,Transporttjenester,3444,1.00625,.993
2009,3,08.1,Posttjenester,319,1.011,1.00375
2009,3,08.2,Telefon- og telefaxudstyr,393,.6858333333333333,.8425
2009,3,08.3,Teletjenester,5741,.9830833333333333,.975
2009,3,09.1,Audiovisuelt og fotografisk udstyr og dataudstyr,4992,.908,.9525
2009,3,09.2,Andre større varige forbrugsgoder til fritids- og kulturaktiviteter,553,1.033333333333333,1.017333333333333
2009,3,09.3,"Andet tilbehør og udstyr til fritid, haver og kæledyr",7011,1.016166666666667,.9884166666666667
2009,3,09.4,Fritids- og kulturtjenester,8828,1.037916666666667,1.026833333333333
2009,3,09.5,"Aviser, bøger og papirvarer",3271,1.02725,1.025083333333333
2009,3,09.6,Pakkerejser,4421,1.08275,1.037333333333333
2009,3,10.,Uddannelse,1220,1.048666666666667,1.04225
2009,3,11.1,"Restauranter, cafeer og kantiner mv.",10295,1.024333333333333,1.018
2009,3,11.2,Overnatningsfaciliteter,3245,.9758333333333333,.9891666666666666
2009,3,12.1,Personlig pleje,6755,1.013083333333333,1.020166666666667
2009,3,12.3,Andre personlige effekter,2084,1.018083333333333,.9836666666666667
2009,3,12.4,Daginstitutioner og social forsorg,3083,1.0585,1.043666666666667
2009,3,12.5,Forsikring,13404,1.03775,1.052
2009,3,12.6,Finansielle tjenester,483,1.027583333333333,1.04875
2009,3,12.7,Andre tjenester,830,1.041333333333333,1.016333333333333
2009,4,01.1,Fødevarer,30207,1.000083333333333,.99975
2009,4,01.2,Ikke-alkoholiske drikkevarer,2972,1.0035,1.031333333333333
2009,4,02.1,Alkoholiske drikkevarer,4427,1.030666666666667,1.002083333333333
2009,4,02.2,Tobak,2478,1.013333333333333,1.143166666666667
2009,4,03.1,Beklædning,10885,1.003083333333333,1.003833333333333
2009,4,03.2,Fodtøj,2508,1.06525,.9819166666666667
2009,4,04.1,Faktisk husleje,21501,1.040916666666667,1.025833333333333
2009,4,04.2,Beregnet lejeværdi af bolig,31566,1.030333333333333,1.029166666666667
2009,4,04.3,Vedligeholdelse og reparation af bolig,5389,1.01775,1.00475
2009,4,04.4,Vandforsyning og andre tjenester i forbindelse med boligen,7898,1.0695,1.022
2009,4,04.5,"Elektricitet, gas og andet brændsel",19483,.9645833333333333,1.071166666666667
2009,4,05.1,"Møbler og boligudstyr, tæpper og anden gulvbelægning",5472,1.02625,.9974166666666666
2009,4,05.2,Boligtekstiler,845,1.00975,1.00225
2009,4,05.3,Husholdningsapparater og reparation heraf,3198,1.02025,1.004583333333333
2009,4,05.4,"Glas, service og husholdningsredskaber",1933,1.05275,1.001916666666667
2009,4,05.5,Værktøj og udstyr til hus og have,1629,1.017,1.015833333333333
2009,4,05.6,Andre varer og tjenester til husholdningen,3179,1.026916666666667,1.0105
2009,4,06.1,"Medicinske produkter, apparater og medicinsk udstyr",3557,1.04675,1.019666666666667
2009,4,06.2,Ambulant behandling,3441,1.0245,1.0155
2009,4,06.3,Hospitalstjenester,45,1.018166666666667,.9920833333333333
2009,4,07.1,Køb af køretøjer,13769,.9926666666666667,.9944166666666666
2009,4,07.2,Drift af personlige transportmidler,22534,.9839166666666667,1.068
2009,4,07.3,Transporttjenester,4288,1.013666666666667,.9988333333333334
2009,4,08.1,Posttjenester,198,1.011,1.00375
2009,4,08.2,Telefon- og telefaxudstyr,412,.7153333333333334,.8671666666666666
2009,4,08.3,Teletjenester,5923,.9663333333333334,.9652499999999999
2009,4,09.1,Audiovisuelt og fotografisk udstyr og dataudstyr,5892,.8984166666666666,.9541666666666667
2009,4,09.2,Andre større varige forbrugsgoder til fritids- og kulturaktiviteter,1221,1.021,1.010416666666667
2009,4,09.3,"Andet tilbehør og udstyr til fritid, haver og kæledyr",7101,1.01125,.9885833333333334
2009,4,09.4,Fritids- og kulturtjenester,8926,1.04075,1.027916666666667
2009,4,09.5,"Aviser, bøger og papirvarer",3122,1.016083333333333,1.0165
2009,4,09.6,Pakkerejser,5459,1.08275,1.037333333333333
2009,4,10.,Uddanelse,2277,1.050083333333333,1.04575
2009,4,11.1,"Restauranter, cafeer og kantiner mv.",10826,1.02425,1.018333333333333
2009,4,11.2,Overnatningsfaciliteter,3173,.9878333333333333,.9971666666666666
2009,4,12.1,Personlig pleje,6583,1.012583333333333,1.02125
2009,4,12.3,Andre personlige effekter,1832,1.026666666666667,1.02125
2009,4,12.4,Daginstitutioner og social forsorg,3971,1.056666666666667,1.041083333333333
2009,4,12.5,Forsikring,13485,1.038,1.052
2009,4,12.6,Finansielle tjenester,557,1.026416666666667,1.047083333333333
2009,4,12.7,Andre tjenester,932,1.037833333333333,1.014583333333333
2009,5,01.1,Fødevarer,27808,1.000416666666667,1.000416666666667
2009,5,01.2,Ikke-alkoholiske drikkevarer,2696,1.002833333333333,1.0265
2009,5,02.1,Alkoholiske drikkevarer,3817,1.024416666666667,1.000416666666667
2009,5,02.2,Tobak,3239,1.013166666666667,1.144083333333333
2009,5,03.1,Beklædning,11773,1.0025,1.001833333333333
2009,5,03.2,Fodtøj,2301,1.05625,.9770833333333333
2009,5,04.1,Faktisk husleje,18825,1.034416666666667,1.023833333333333
2009,5,04.2,Beregnet lejeværdi af bolig,33335,1.030333333333333,1.029166666666667
2009,5,04.3,Vedligeholdelse og reparation af bolig,6237,1.01925,1.010083333333333
2009,5,04.4,Vandforsyning og andre tjenester i forbindelse med boligen,7604,1.071833333333333,1.022416666666667
2009,5,04.5,"Elektricitet, gas og andet brændsel",23746,.9479166666666666,1.075583333333333
2009,5,05.1,"Møbler og boligudstyr, tæpper og anden gulvbelægning",7939,1.024916666666667,.98625
2009,5,05.2,Boligtekstiler,979,1.020666666666667,1.00375
2009,5,05.3,Husholdningsapparater og reparation heraf,2279,1.022666666666667,1.00725
2009,5,05.4,"Glas, service og husholdningsredskaber",1477,1.05725,1.0085
2009,5,05.5,Værktøj og udstyr til hus og have,2326,1.018,1.018833333333333
2009,5,05.6,Andre varer og tjenester til husholdningen,2892,1.031416666666667,1.011
2009,5,06.1,"Medicinske produkter, apparater og medicinsk udstyr",2695,1.044166666666667,1.020166666666667
2009,5,06.2,Ambulant behandling,3312,1.0255,1.01525
2009,5,06.3,Hospitalstjenester,122,1.018166666666667,.9920833333333333
2009,5,07.1,Køb af køretøjer,9523,.9933333333333333,.9945833333333334
2009,5,07.2,Drift af personlige transportmidler,22701,.9923333333333333,1.072833333333333
2009,5,07.3,Transporttjenester,3695,.9918333333333333,.9793333333333334
2009,5,08.1,Posttjenester,133,1.011,1.00375
2009,5,08.2,Telefon- og telefaxudstyr,494,.6955,.8536666666666666
2009,5,08.3,Teletjenester,6216,.9828333333333333,.97525
2009,5,09.1,Audiovisuelt og fotografisk udstyr og dataudstyr,6707,.9041666666666667,.9584166666666667
2009,5,09.2,Andre større varige forbrugsgoder til fritids- og kulturaktiviteter,857,.9960833333333333,.9990833333333333
2009,5,09.3,"Andet tilbehør og udstyr til fritid, haver og kæledyr",5906,1.016666666666667,.9741666666666666
2009,5,09.4,Fritids- og kulturtjenester,7859,1.043833333333333,1.02875
2009,5,09.5,"Aviser, bøger og papirvarer",2829,1.010333333333333,1.014
2009,5,09.6,Pakkerejser,4639,1.08275,1.037333333333333
2009,5,10.,Uddannelse,991,1.054916666666667,1.048833333333333
2009,5,11.1,"Restauranter, cafeer og kantiner mv.",11141,1.02425,1.018
2009,5,11.2,Overnatningsfaciliteter,2129,.9719166666666667,.98675
2009,5,12.1,Personlig pleje,5323,1.01725,1.021916666666667
2009,5,12.3,Andre personlige effekter,1043,1.027166666666667,1.001083333333333
2009,5,12.4,Daginstitutioner og social forsorg,2648,1.056833333333333,1.038833333333333
2009,5,12.5,Forsikring,14057,1.04,1.052
2009,5,12.6,Finansielle tjenester,686,1.024,1.04025
2009,5,12.7,Andre tjenester,650,1.0375,1.014
2010,1,01.1,Fødevarer,32154,1.002,1.03325
2010,1,01.2,Ikke-alkoholiske drikkevarer,3261,1.0335,1.1105
2010,1,02.1,Alkoholiske drikkevarer,5819,.9984166666666666,1.007083333333333
2010,1,02.2,Tobak,3013,1.1555,1.068416666666667
2010,1,03.1,Beklædning,12942,1.006583333333333,1.002666666666667
2010,1,03.2,Fodtøj,3048,.99075,1.044583333333333
2010,1,04.1,Faktisk husleje,32422,1.028666666666667,1.03025
2010,1,04.2,Beregnet lejeværdi af bolig,29434,1.029166666666667,1.029916666666667
2010,1,04.3,Vedligeholdelse og reparation af bolig,3975,1.016166666666667,1.021166666666667
2010,1,04.4,Vandforsyning og andre tjenester i forbindelse med boligen,8622,1.02425,1.017
2010,1,04.5,"Elektricitet, gas og andet brændsel",24215,1.071666666666667,1.069583333333333
2010,1,05.1,"Møbler og boligudstyr, tæpper og anden gulvbelægning",5534,.9919166666666667,1.0115
2010,1,05.2,Boligtekstiler,1105,1.003666666666667,1.038166666666667
2010,1,05.3,Husholdningsapparater og reparation heraf,2185,1.007083333333333,.9835
2010,1,05.4,"Glas, service og husholdningsredskaber",1998,1.006083333333333,1.01625
2010,1,05.5,Værktøj og udstyr til hus og have,1396,1.01375,1.006916666666667
2010,1,05.6,Andre varer og tjenester til husholdningen,3749,1.008416666666667,1.01675
2010,1,06.1,"Medicinske produkter, apparater og medicinsk udstyr",3780,1.020166666666667,1.056333333333333
2010,1,06.2,Ambulant behandling,4134,1.01475,1.0065
2010,1,06.3,Hospitalstjenester,57,.9920833333333333,1.002583333333333
2010,1,07.1,Køb af køretøjer,11292,.995,.9916666666666667
2010,1,07.2,Drift af personlige transportmidler,17312,1.07725,1.070333333333333
2010,1,07.3,Transporttjenester,8387,1.005583333333333,1.015916666666667
2010,1,08.1,Posttjenester,303,1.00375,1.187
2010,1,08.2,Telefon- og telefaxudstyr,587,.8648333333333333,1.592416666666667
2010,1,08.3,Teletjenester,6395,.9788333333333333,.9965833333333334
2010,1,09.1,Audiovisuelt og fotografisk udstyr og dataudstyr,6741,.9439166666666666,.9190833333333334
2010,1,09.2,Andre større varige forbrugsgoder til fritids- og kulturaktiviteter,1333,1.018083333333333,1.01775
2010,1,09.3,"Andet tilbehør og udstyr til fritid, haver og kæledyr",6185,.9898333333333333,.9950833333333333
2010,1,09.4,Fritids- og kulturtjenester,10658,1.028083333333333,1.03225
2010,1,09.5,"Aviser, bøger og papirvarer",3531,1.025416666666667,1.009083333333333
2010,1,09.6,Pakkerejser,5363,1.037333333333333,.9914166666666667
2010,1,10.,Uddannelse,1591,1.037666666666667,1.048
2010,1,11.1,"Restauranter, cafeer og kantiner mv.",15542,1.017666666666667,1.027833333333333
2010,1,11.2,Overnatningsfaciliteter,3338,.9855833333333334,1.0085
2010,1,12.1,Personlig pleje,7120,1.018583333333333,1.017833333333333
2010,1,12.3,Andre personlige effekter,3833,1.009416666666667,1.060916666666667
2010,1,12.4,Daginstitutioner og social forsorg,3620,1.047833333333333,1.0315
2010,1,12.5,Forsikring,11269,1.05925,1.033
2010,1,12.6,Finansielle tjenester,1014,1.048083333333333,1.014416666666667
2010,1,12.7,Andre tjenester,715,1.03275,1.028333333333333
2010,2,01.1,Fødevarer,31813,1.001666666666667,1.031666666666667
2010,2,01.2,Ikke-alkoholiske drikkevarer,2986,1.028416666666667,1.107666666666667
2010,2,02.1,Alkoholiske drikkevarer,4951,.99825,1.003083333333333
2010,2,02.2,Tobak,4524,1.139666666666667,1.072666666666667
2010,2,03.1,Beklædning,9406,1.0035,1.003416666666667
2010,2,03.2,Fodtøj,2797,.9930833333333333,1.051583333333333
2010,2,04.1,Faktisk husleje,19393,1.028333333333333,1.030166666666667
2010,2,04.2,Beregnet lejeværdi af bolig,39346,1.029166666666667,1.029916666666667
2010,2,04.3,Vedligeholdelse og reparation af bolig,5443,1.005833333333333,1.0095
2010,2,04.4,Vandforsyning og andre tjenester i forbindelse med boligen,8930,1.024166666666667,1.015916666666667
2010,2,04.5,"Elektricitet, gas og andet brændsel",25546,1.073083333333333,1.07075
2010,2,05.1,"Møbler og boligudstyr, tæpper og anden gulvbelægning",7220,.9960833333333333,1.013916666666667
2010,2,05.2,Boligtekstiler,796,1.008583333333333,1.043333333333333
2010,2,05.3,Husholdningsapparater og reparation heraf,3513,1.047833333333333,1.028083333333333
2010,2,05.4,"Glas, service og husholdningsredskaber",1818,1.008083333333333,1.011666666666667
2010,2,05.5,Værktøj og udstyr til hus og have,2129,1.015666666666667,1.002666666666667
2010,2,05.6,Andre varer og tjenester til husholdningen,4248,1.009666666666667,1.016333333333333
2010,2,06.1,"Medicinske produkter, apparater og medicinsk udstyr",3451,1.0175,1.050083333333333
2010,2,06.2,Ambulant behandling,4427,1.01375,1.006
2010,2,06.3,Hospitalstjenester,0,.9920833333333333,1.002583333333333
2010,2,07.1,Køb af køretøjer,20222,.9943333333333333,.9895833333333334
2010,2,07.2,Drift af personlige transportmidler,24998,1.077416666666667,1.07225
2010,2,07.3,Transporttjenester,4828,1.009833333333333,1.01925
2010,2,08.1,Posttjenester,137,1.00375,1.187
2010,2,08.2,Telefon- og telefaxudstyr,710,.84975,1.704166666666667
2010,2,08.3,Teletjenester,6407,.9738333333333333,.9940833333333333
2010,2,09.1,Audiovisuelt og fotografisk udstyr og dataudstyr,6494,.9632500000000001,.9535
2010,2,09.2,Andre større varige forbrugsgoder til fritids- og kulturaktiviteter,1942,1.011666666666667,.9868333333333333
2010,2,09.3,"Andet tilbehør og udstyr til fritid, haver og kæledyr",7417,.9849166666666667,.9950833333333333
2010,2,09.4,Fritids- og kulturtjenester,9741,1.027583333333333,1.035416666666667
2010,2,09.5,"Aviser, bøger og papirvarer",3153,1.02425,1.005833333333333
2010,2,09.6,Pakkerejser,4459,1.037333333333333,.9914166666666667
2010,2,10.,Uddannelse,1097,1.037916666666667,1.04775
2010,2,11.1,"Restauranter, cafeer og kantiner mv.",8990,1.01825,1.026666666666667
2010,2,11.2,Overnatningsfaciliteter,3254,.99525,1.013416666666667
2010,2,12.1,Personlig pleje,6114,1.018583333333333,1.0185
2010,2,12.3,Andre personlige effekter,1338,1.00075,1.058916666666667
2010,2,12.4,Daginstitutioner og social forsorg,4080,1.04575,1.025583333333333
2010,2,12.5,Forsikring,15027,1.05375,1.032
2010,2,12.6,Finansielle tjenester,1128,1.036,1.014833333333333
2010,2,12.7,Andre tjenester,599,1.027333333333333,1.024083333333333
2010,3,01.1,Fødevarer,30546,.99975,1.031416666666667
2010,3,01.2,Ikke-alkoholiske drikkevarer,2544,1.026666666666667,1.105583333333333
2010,3,02.1,Alkoholiske drikkevarer,3767,.9994999999999999,1.003333333333333
2010,3,02.2,Tobak,3230,1.142416666666667,1.073583333333333
2010,3,03.1,Beklædning,12291,1.004666666666667,1.006583333333333
2010,3,03.2,Fodtøj,2380,.9834166666666666,1.046833333333333
2010,3,04.1,Faktisk husleje,21581,1.028166666666667,1.02975
2010,3,04.2,Beregnet lejeværdi af bolig,32427,1.029166666666667,1.029916666666667
2010,3,04.3,Vedligeholdelse og reparation af bolig,5789,1.006333333333333,1.009833333333333
2010,3,04.4,Vandforsyning og andre tjenester i forbindelse med boligen,7690,1.02375,1.014916666666667
2010,3,04.5,"Elektricitet, gas og andet brændsel",24932,1.074083333333333,1.076583333333333
2010,3,05.1,"Møbler og boligudstyr, tæpper og anden gulvbelægning",5889,.9865833333333334,1.01025
2010,3,05.2,Boligtekstiler,887,1.0065,1.048
2010,3,05.3,Husholdningsapparater og reparation heraf,3165,1.004083333333333,.98775
2010,3,05.4,"Glas, service og husholdningsredskaber",2493,1.00475,1.023916666666667
2010,3,05.5,Værktøj og udstyr til hus og have,1557,1.01175,1.002083333333333
2010,3,05.6,Andre varer og tjenester til husholdningen,3144,1.01,1.0155
2010,3,06.1,"Medicinske produkter, apparater og medicinsk udstyr",3584,1.027083333333333,1.069583333333333
2010,3,06.2,Ambulant behandling,3968,1.01375,1.0055
2010,3,06.3,Hospitalstjenester,0,.9920833333333333,1.002583333333333
2010,3,07.1,Køb af køretøjer,16259,.9945833333333334,.98975
2010,3,07.2,Drift af personlige transportmidler,25043,1.080666666666667,1.07475
2010,3,07.3,Transporttjenester,3611,.993,1.016666666666667
2010,3,08.1,Posttjenester,214,1.00375,1.187
2010,3,08.2,Telefon- og telefaxudstyr,584,.8425,1.762583333333333
2010,3,08.3,Teletjenester,6027,.975,.9935
2010,3,09.1,Audiovisuelt og fotografisk udstyr og dataudstyr,5147,.9525,.9338333333333333
2010,3,09.2,Andre større varige forbrugsgoder til fritids- og kulturaktiviteter,1065,1.017333333333333,1.023833333333333
2010,3,09.3,"Andet tilbehør og udstyr til fritid, haver og kæledyr",7282,.9884166666666667,.9973333333333333
2010,3,09.4,Fritids- og kulturtjenester,8874,1.026833333333333,1.037416666666667
2010,3,09.5,"Aviser, bøger og papirvarer",3203,1.025083333333333,1.011083333333333
2010,3,09.6,Pakkerejser,4693,1.037333333333333,.9914166666666667
2010,3,10.,Uddannelse,1070,1.04225,1.04675
2010,3,11.1,"Restauranter, cafeer og kantiner mv.",10591,1.018,1.027
2010,3,11.2,Overnatningsfaciliteter,3253,.9891666666666666,1.010583333333333
2010,3,12.1,Personlig pleje,6408,1.020166666666667,1.019833333333333
2010,3,12.3,Andre personlige effekter,1725,.9836666666666667,1.05425
2010,3,12.4,Daginstitutioner og social forsorg,3304,1.043666666666667,1.016666666666667
2010,3,12.5,Forsikring,13964,1.052,1.0325
2010,3,12.6,Finansielle tjenester,810,1.04875,1.014416666666667
2010,3,12.7,Andre tjenester,945,1.016333333333333,1.016083333333333
2010,4,01.1,Fødevarer,31235,.99975,1.029916666666667
2010,4,01.2,Ikke-alkoholiske drikkevarer,2977,1.031333333333333,1.1075
2010,4,02.1,Alkoholiske drikkevarer,4030,1.002083333333333,1.0015
2010,4,02.2,Tobak,2462,1.143166666666667,1.073166666666667
2010,4,03.1,Beklædning,12374,1.003833333333333,1.006916666666667
2010,4,03.2,Fodtøj,2873,.9819166666666667,1.045666666666667
2010,4,04.1,Faktisk husleje,21484,1.025833333333333,1.028916666666667
2010,4,04.2,Beregnet lejeværdi af bolig,35485,1.029166666666667,1.029916666666667
2010,4,04.3,Vedligeholdelse og reparation af bolig,4861,1.00475,1.009666666666667
2010,4,04.4,Vandforsyning og andre tjenester i forbindelse med boligen,8137,1.022,1.015083333333333
2010,4,04.5,"Elektricitet, gas og andet brændsel",24894,1.071166666666667,1.072916666666667
2010,4,05.1,"Møbler og boligudstyr, tæpper og anden gulvbelægning",5911,.9974166666666666,1.013333333333333
2010,4,05.2,Boligtekstiler,1489,1.00225,1.044666666666667
2010,4,05.3,Husholdningsapparater og reparation heraf,3275,1.004583333333333,.9874166666666666
2010,4,05.4,"Glas, service og husholdningsredskaber",2362,1.001916666666667,1.014083333333333
2010,4,05.5,Værktøj og udstyr til hus og have,1683,1.015833333333333,1.003166666666667
2010,4,05.6,Andre varer og tjenester til husholdningen,3015,1.0105,1.016916666666667
2010,4,06.1,"Medicinske produkter, apparater og medicinsk udstyr",3506,1.019666666666667,1.053333333333333
2010,4,06.2,Ambulant behandling,3742,1.0155,1.00625
2010,4,06.3,Hospitalstjenester,47,.9920833333333333,1.002583333333333
2010,4,07.1,Køb af køretøjer,19736,.9944166666666666,.9890833333333333
2010,4,07.2,Drift af personlige transportmidler,24016,1.068,1.06475
2010,4,07.3,Transporttjenester,4837,.9988333333333334,1.020833333333333
2010,4,08.1,Posttjenester,227,1.00375,1.187
2010,4,08.2,Telefon- og telefaxudstyr,619,.8671666666666666,1.576
2010,4,08.3,Teletjenester,6257,.9652499999999999,.9891666666666666
2010,4,09.1,Audiovisuelt og fotografisk udstyr og dataudstyr,5753,.9541666666666667,.9438333333333333
2010,4,09.2,Andre større varige forbrugsgoder til fritids- og kulturaktiviteter,1287,1.010416666666667,1.016666666666667
2010,4,09.3,"Andet tilbehør og udstyr til fritid, haver og kæledyr",7389,.9885833333333334,.9970833333333333
2010,4,09.4,Fritids- og kulturtjenester,10044,1.027916666666667,1.027916666666667
2010,4,09.5,"Aviser, bøger og papirvarer",3193,1.0165,.9989166666666667
2010,4,09.6,Pakkerejser,5139,1.037333333333333,.9914166666666667
2010,4,10.,Uddanelse,2407,1.04575,1.045916666666667
2010,4,11.1,"Restauranter, cafeer og kantiner mv.",11400,1.018333333333333,1.02625
2010,4,11.2,Overnatningsfaciliteter,3523,.9971666666666666,1.014
2010,4,12.1,Personlig pleje,6523,1.02125,1.019916666666667
2010,4,12.3,Andre personlige effekter,2010,1.02125,1.06475
2010,4,12.4,Daginstitutioner og social forsorg,3615,1.041083333333333,1.013166666666667
2010,4,12.5,Forsikring,14127,1.052,1.0335
2010,4,12.6,Finansielle tjenester,948,1.047083333333333,1.014416666666667
2010,4,12.7,Andre tjenester,332,1.014583333333333,1.01575
2010,5,01.1,Fødevarer,28767,1.000416666666667,1.028833333333333
2010,5,01.2,Ikke-alkoholiske drikkevarer,2649,1.0265,1.098666666666667
2010,5,02.1,Alkoholiske drikkevarer,3263,1.000416666666667,.9986666666666667
2010,5,02.2,Tobak,4181,1.144083333333333,1.074
2010,5,03.1,Beklædning,11779,1.001833333333333,1.003666666666667
2010,5,03.2,Fodtøj,2546,.9770833333333333,1.031583333333333
2010,5,04.1,Faktisk husleje,18239,1.023833333333333,1.02725
2010,5,04.2,Beregnet lejeværdi af bolig,34317,1.029166666666667,1.029916666666667
2010,5,04.3,Vedligeholdelse og reparation af bolig,5705,1.010083333333333,1.0135
2010,5,04.4,Vandforsyning og andre tjenester i forbindelse med boligen,6904,1.022416666666667,1.014166666666667
2010,5,04.5,"Elektricitet, gas og andet brændsel",30789,1.075583333333333,1.072583333333333
2010,5,05.1,"Møbler og boligudstyr, tæpper og anden gulvbelægning",6147,.98625,1.012416666666667
2010,5,05.2,Boligtekstiler,861,1.00375,1.041833333333333
2010,5,05.3,Husholdningsapparater og reparation heraf,3402,1.00725,.9868333333333333
2010,5,05.4,"Glas, service og husholdningsredskaber",1850,1.0085,1.013416666666667
2010,5,05.5,Værktøj og udstyr til hus og have,2594,1.018833333333333,1.008
2010,5,05.6,Andre varer og tjenester til husholdningen,3005,1.011,1.01525
2010,5,06.1,"Medicinske produkter, apparater og medicinsk udstyr",3229,1.020166666666667,1.05325
2010,5,06.2,Ambulant behandling,2985,1.01525,1.0065
2010,5,06.3,Hospitalstjenester,0,.9920833333333333,1.002583333333333
2010,5,07.1,Køb af køretøjer,14300,.9945833333333334,.9894166666666667
2010,5,07.2,Drift af personlige transportmidler,24706,1.072833333333333,1.0705
2010,5,07.3,Transporttjenester,3542,.9793333333333334,1.015833333333333
2010,5,08.1,Posttjenester,153,1.00375,1.187
2010,5,08.2,Telefon- og telefaxudstyr,683,.8536666666666666,1.67375
2010,5,08.3,Teletjenester,6411,.97525,.9944166666666666
2010,5,09.1,Audiovisuelt og fotografisk udstyr og dataudstyr,6478,.9584166666666667,.9519166666666666
2010,5,09.2,Andre større varige forbrugsgoder til fritids- og kulturaktiviteter,1303,.9990833333333333,1.027
2010,5,09.3,"Andet tilbehør og udstyr til fritid, haver og kæledyr",6169,.9741666666666666,.99125
2010,5,09.4,Fritids- og kulturtjenester,8739,1.02875,1.034416666666667
2010,5,09.5,"Aviser, bøger og papirvarer",2710,1.014,.9944166666666666
2010,5,09.6,Pakkerejser,5541,1.037333333333333,.9914166666666667
2010,5,10.,Uddannelse,1118,1.048833333333333,1.045416666666667
2010,5,11.1,"Restauranter, cafeer og kantiner mv.",11147,1.018,1.025083333333333
2010,5,11.2,Overnatningsfaciliteter,2414,.98675,1.00975
2010,5,12.1,Personlig pleje,5897,1.021916666666667,1.020333333333333
2010,5,12.3,Andre personlige effekter,1423,1.001083333333333,1.056666666666667
2010,5,12.4,Daginstitutioner og social forsorg,3236,1.038833333333333,1.01125
2010,5,12.5,Forsikring,14748,1.052,1.03375
2010,5,12.6,Finansielle tjenester,815,1.04025,1.014416666666667
2010,5,12.7,Andre tjenester,381,1.014,1.015333333333333
2011,1,01.1,Fødevarer,32481,1.03325,1.045583333333333
2011,1,01.2,Ikke-alkoholiske drikkevarer,3579,1.1105,1.024916666666667
2011,1,02.1,Alkoholiske drikkevarer,5733,1.007083333333333,1.0775
2011,1,02.2,Tobak,2657,1.068416666666667,1.073
2011,1,03.1,Beklædning,11955,1.002666666666667,1.004833333333333
2011,1,03.2,Fodtøj,2897,1.044583333333333,1.066416666666667
2011,1,04.1,Faktisk husleje,33590,1.03025,1.0285
2011,1,04.2,Beregnet lejeværdi af bolig,32690,1.029916666666667,1.02725
2011,1,04.3,Vedligeholdelse og reparation af bolig,4021,1.021166666666667,1.031
2011,1,04.4,Vandforsyning og andre tjenester i forbindelse med boligen,8922,1.017,1.0405
2011,1,04.5,"Elektricitet, gas og andet brændsel",22128,1.069583333333333,1.02275
2011,1,05.1,"Møbler og boligudstyr, tæpper og anden gulvbelægning",5886,1.0115,1.005666666666667
2011,1,05.2,Boligtekstiler,1194,1.038166666666667,1.029
2011,1,05.3,Husholdningsapparater og reparation heraf,2233,.9835,.98
2011,1,05.4,"Glas, service og husholdningsredskaber",2327,1.01625,1.025416666666667
2011,1,05.5,Værktøj og udstyr til hus og have,1126,1.006916666666667,1.019583333333333
2011,1,05.6,Andre varer og tjenester til husholdningen,3244,1.01675,1.018833333333333
2011,1,06.1,"Medicinske produkter, apparater og medicinsk udstyr",3499,1.056333333333333,.98425
2011,1,06.2,Ambulant behandling,3987,1.0065,1.017
2011,1,06.3,Hospitalstjenester,57,1.002583333333333,.9995833333333334
2011,1,07.1,Køb af køretøjer,10522,.9916666666666667,.9896666666666667
2011,1,07.2,Drift af personlige transportmidler,19630,1.070333333333333,1.034083333333333
2011,1,07.3,Transporttjenester,9308,1.015916666666667,1.048083333333333
2011,1,08.1,Posttjenester,326,1.187,1.073
2011,1,08.2,Telefon- og telefaxudstyr,815,1.592416666666667,.9628333333333333
2011,1,08.3,Teletjenester,6493,.9965833333333334,.9565833333333333
2011,1,09.1,Audiovisuelt og fotografisk udstyr og dataudstyr,6203,.9190833333333334,.9284166666666667
2011,1,09.2,Andre større varige forbrugsgoder til fritids- og kulturaktiviteter,1159,1.01775,1.011416666666667
2011,1,09.3,"Andet tilbehør og udstyr til fritid, haver og kæledyr",6137,.9950833333333333,1.00375
2011,1,09.4,Fritids- og kulturtjenester,11251,1.03225,1.030083333333333
2011,1,09.5,"Aviser, bøger og papirvarer",3437,1.009083333333333,1.048333333333333
2011,1,09.6,Pakkerejser,5961,.9914166666666667,.9475
2011,1,10.,Uddannelse,1432,1.048,1.02975
2011,1,11.1,"Restauranter, cafeer og kantiner mv.",16459,1.027833333333333,1.03775
2011,1,11.2,Overnatningsfaciliteter,3755,1.0085,1.03475
2011,1,12.1,Personlig pleje,6750,1.017833333333333,1.008
2011,1,12.3,Andre personlige effekter,3099,1.060916666666667,1.035083333333333
2011,1,12.4,Daginstitutioner og social forsorg,4102,1.0315,1.012
2011,1,12.5,Forsikring,10706,1.033,1.0415
2011,1,12.6,Finansielle tjenester,865,1.014416666666667,1.112166666666667
2011,1,12.7,Andre tjenester,803,1.028333333333333,1.032
2011,2,01.1,Fødevarer,33718,1.031666666666667,1.04425
2011,2,01.2,Ikke-alkoholiske drikkevarer,3358,1.107666666666667,1.029833333333333
2011,2,02.1,Alkoholiske drikkevarer,4686,1.003083333333333,1.076416666666667
2011,2,02.2,Tobak,3680,1.072666666666667,1.074916666666667
2011,2,03.1,Beklædning,8826,1.003416666666667,1.00975
2011,2,03.2,Fodtøj,2452,1.051583333333333,1.065333333333333
2011,2,04.1,Faktisk husleje,20888,1.030166666666667,1.0255
2011,2,04.2,Beregnet lejeværdi af bolig,37980,1.029916666666667,1.02725
2011,2,04.3,Vedligeholdelse og reparation af bolig,5734,1.0095,1.031416666666667
2011,2,04.4,Vandforsyning og andre tjenester i forbindelse med boligen,9319,1.015916666666667,1.041583333333333
2011,2,04.5,"Elektricitet, gas og andet brændsel",24379,1.07075,1.019916666666667
2011,2,05.1,"Møbler og boligudstyr, tæpper og anden gulvbelægning",7407,1.013916666666667,1.004083333333333
2011,2,05.2,Boligtekstiler,720,1.043333333333333,1.032083333333333
2011,2,05.3,Husholdningsapparater og reparation heraf,3395,1.028083333333333,.9919166666666667
2011,2,05.4,"Glas, service og husholdningsredskaber",1990,1.011666666666667,1.023833333333333
2011,2,05.5,Værktøj og udstyr til hus og have,2105,1.002666666666667,1.0125
2011,2,05.6,Andre varer og tjenester til husholdningen,4127,1.016333333333333,1.016166666666667
2011,2,06.1,"Medicinske produkter, apparater og medicinsk udstyr",2982,1.050083333333333,.98525
2011,2,06.2,Ambulant behandling,4612,1.006,1.0185
2011,2,06.3,Hospitalstjenester,0,1.002583333333333,.9995833333333334
2011,2,07.1,Køb af køretøjer,23113,.9895833333333334,.989
2011,2,07.2,Drift af personlige transportmidler,25967,1.07225,1.036
2011,2,07.3,Transporttjenester,5525,1.01925,1.052416666666667
2011,2,08.1,Posttjenester,156,1.187,1.073
2011,2,08.2,Telefon- og telefaxudstyr,1061,1.704166666666667,.9672500000000001
2011,2,08.3,Teletjenester,7068,.9940833333333333,.95225
2011,2,09.1,Audiovisuelt og fotografisk udstyr og dataudstyr,7327,.9535,.9526666666666667
2011,2,09.2,Andre større varige forbrugsgoder til fritids- og kulturaktiviteter,1828,.9868333333333333,1.0035
2011,2,09.3,"Andet tilbehør og udstyr til fritid, haver og kæledyr",8084,.9950833333333333,1.000666666666667
2011,2,09.4,Fritids- og kulturtjenester,9965,1.035416666666667,1.029916666666667
2011,2,09.5,"Aviser, bøger og papirvarer",3021,1.005833333333333,1.046916666666667
2011,2,09.6,Pakkerejser,5096,.9914166666666667,.9475
2011,2,10.,Uddannelse,1187,1.04775,1.026833333333333
2011,2,11.1,"Restauranter, cafeer og kantiner mv.",9560,1.026666666666667,1.037916666666667
2011,2,11.2,Overnatningsfaciliteter,3449,1.013416666666667,1.032
2011,2,12.1,Personlig pleje,5835,1.0185,1.008583333333333
2011,2,12.3,Andre personlige effekter,1259,1.058916666666667,1.034
2011,2,12.4,Daginstitutioner og social forsorg,4131,1.025583333333333,1.013583333333333
2011,2,12.5,Forsikring,14100,1.032,1.04
2011,2,12.6,Finansielle tjenester,855,1.014833333333333,1.098
2011,2,12.7,Andre tjenester,933,1.024083333333333,1.02375
2011,3,01.1,Fødevarer,31223,1.031416666666667,1.0465
2011,3,01.2,Ikke-alkoholiske drikkevarer,3066,1.105583333333333,1.027583333333333
2011,3,02.1,Alkoholiske drikkevarer,3819,1.003333333333333,1.080583333333333
2011,3,02.2,Tobak,2772,1.073583333333333,1.071833333333333
2011,3,03.1,Beklædning,11105,1.006583333333333,1.012916666666667
2011,3,03.2,Fodtøj,2566,1.046833333333333,1.048916666666667
2011,3,04.1,Faktisk husleje,21641,1.02975,1.025083333333333
2011,3,04.2,Beregnet lejeværdi af bolig,30540,1.029916666666667,1.02725
2011,3,04.3,Vedligeholdelse og reparation af bolig,5901,1.009833333333333,1.032166666666667
2011,3,04.4,Vandforsyning og andre tjenester i forbindelse med boligen,8317,1.014916666666667,1.042833333333333
2011,3,04.5,"Elektricitet, gas og andet brændsel",23954,1.076583333333333,1.01725
2011,3,05.1,"Møbler og boligudstyr, tæpper og anden gulvbelægning",6395,1.01025,1.007666666666667
2011,3,05.2,Boligtekstiler,866,1.048,1.0265
2011,3,05.3,Husholdningsapparater og reparation heraf,2819,.98775,.9838333333333333
2011,3,05.4,"Glas, service og husholdningsredskaber",2295,1.023916666666667,1.026083333333333
2011,3,05.5,Værktøj og udstyr til hus og have,1715,1.002083333333333,1.01175
2011,3,05.6,Andre varer og tjenester til husholdningen,3252,1.0155,1.015333333333333
2011,3,06.1,"Medicinske produkter, apparater og medicinsk udstyr",3532,1.069583333333333,.9813333333333333
2011,3,06.2,Ambulant behandling,4503,1.0055,1.019
2011,3,06.3,Hospitalstjenester,1,1.002583333333333,.9995833333333334
2011,3,07.1,Køb af køretøjer,16242,.98975,.9896666666666667
2011,3,07.2,Drift af personlige transportmidler,26205,1.07475,1.03475
2011,3,07.3,Transporttjenester,3836,1.016666666666667,1.05475
2011,3,08.1,Posttjenester,199,1.187,1.073
2011,3,08.2,Telefon- og telefaxudstyr,875,1.762583333333333,.9699166666666666
2011,3,08.3,Teletjenester,6240,.9935,.94175
2011,3,09.1,Audiovisuelt og fotografisk udstyr og dataudstyr,5306,.9338333333333333,.9419999999999999
2011,3,09.2,Andre større varige forbrugsgoder til fritids- og kulturaktiviteter,278,1.023833333333333,1.026166666666667
2011,3,09.3,"Andet tilbehør og udstyr til fritid, haver og kæledyr",7526,.9973333333333333,1.001416666666667
2011,3,09.4,Fritids- og kulturtjenester,9205,1.037416666666667,1.0335
2011,3,09.5,"Aviser, bøger og papirvarer",3132,1.011083333333333,1.04825
2011,3,09.6,Pakkerejser,4688,.9914166666666667,.9475
2011,3,10.,Uddannelse,947,1.04675,1.033416666666667
2011,3,11.1,"Restauranter, cafeer og kantiner mv.",9981,1.027,1.037833333333333
2011,3,11.2,Overnatningsfaciliteter,3073,1.010583333333333,1.035416666666667
2011,3,12.1,Personlig pleje,6074,1.019833333333333,1.010583333333333
2011,3,12.3,Andre personlige effekter,2136,1.05425,1.063416666666667
2011,3,12.4,Daginstitutioner og social forsorg,3196,1.016666666666667,1.016666666666667
2011,3,12.5,Forsikring,13266,1.0325,1.0395
2011,3,12.6,Finansielle tjenester,777,1.014416666666667,1.092833333333333
2011,3,12.7,Andre tjenester,898,1.016083333333333,1.012666666666667
2011,4,01.1,Fødevarer,33002,1.029916666666667,1.044083333333333
2011,4,01.2,Ikke-alkoholiske drikkevarer,3506,1.1075,1.026583333333333
2011,4,02.1,Alkoholiske drikkevarer,4206,1.0015,1.079166666666667
2011,4,02.2,Tobak,2717,1.073166666666667,1.07325
2011,4,03.1,Beklædning,11972,1.006916666666667,1.00825
2011,4,03.2,Fodtøj,2401,1.045666666666667,1.045666666666667
2011,4,04.1,Faktisk husleje,20495,1.028916666666667,1.015833333333333
2011,4,04.2,Beregnet lejeværdi af bolig,36969,1.029916666666667,1.02725
2011,4,04.3,Vedligeholdelse og reparation af bolig,4015,1.009666666666667,1.02725
2011,4,04.4,Vandforsyning og andre tjenester i forbindelse med boligen,8872,1.015083333333333,1.045166666666667
2011,4,04.5,"Elektricitet, gas og andet brændsel",23311,1.072916666666667,1.015916666666667
2011,4,05.1,"Møbler og boligudstyr, tæpper og anden gulvbelægning",6253,1.013333333333333,1.003916666666667
2011,4,05.2,Boligtekstiler,1552,1.044666666666667,1.038
2011,4,05.3,Husholdningsapparater og reparation heraf,3090,.9874166666666666,.9840833333333333
2011,4,05.4,"Glas, service og husholdningsredskaber",2441,1.014083333333333,1.01925
2011,4,05.5,Værktøj og udstyr til hus og have,1769,1.003166666666667,1.011583333333333
2011,4,05.6,Andre varer og tjenester til husholdningen,3226,1.016916666666667,1.01475
2011,4,06.1,"Medicinske produkter, apparater og medicinsk udstyr",3184,1.053333333333333,.985
2011,4,06.2,Ambulant behandling,4345,1.00625,1.0185
2011,4,06.3,Hospitalstjenester,44,1.002583333333333,.9995833333333334
2011,4,07.1,Køb af køretøjer,18754,.9890833333333333,.9894166666666667
2011,4,07.2,Drift af personlige transportmidler,26632,1.06475,1.0335
2011,4,07.3,Transporttjenester,5019,1.020833333333333,1.05575
2011,4,08.1,Posttjenester,295,1.187,1.073
2011,4,08.2,Telefon- og telefaxudstyr,1135,1.576,.9620000000000001
2011,4,08.3,Teletjenester,6477,.9891666666666666,.9615833333333333
2011,4,09.1,Audiovisuelt og fotografisk udstyr og dataudstyr,6396,.9438333333333333,.9445833333333333
2011,4,09.2,Andre større varige forbrugsgoder til fritids- og kulturaktiviteter,1203,1.016666666666667,1.0175
2011,4,09.3,"Andet tilbehør og udstyr til fritid, haver og kæledyr",7726,.9970833333333333,1.003666666666667
2011,4,09.4,Fritids- og kulturtjenester,9775,1.027916666666667,1.02125
2011,4,09.5,"Aviser, bøger og papirvarer",3291,.9989166666666667,1.0485
2011,4,09.6,Pakkerejser,4391,.9914166666666667,.9475
2011,4,10.,Uddanelse,2294,1.045916666666667,1.040083333333333
2011,4,11.1,"Restauranter, cafeer og kantiner mv.",12414,1.02625,1.037166666666667
2011,4,11.2,Overnatningsfaciliteter,4586,1.014,1.031166666666667
2011,4,12.1,Personlig pleje,6494,1.019916666666667,1.00975
2011,4,12.3,Andre personlige effekter,1880,1.06475,1.0505
2011,4,12.4,Daginstitutioner og social forsorg,3638,1.013166666666667,1.016083333333333
2011,4,12.5,Forsikring,13500,1.0335,1.0385
2011,4,12.6,Finansielle tjenester,972,1.014416666666667,1.121666666666667
2011,4,12.7,Andre tjenester,556,1.01575,1.0275
2011,5,01.1,Fødevarer,30018,1.028833333333333,1.045333333333333
2011,5,01.2,Ikke-alkoholiske drikkevarer,3031,1.098666666666667,1.023
2011,5,02.1,Alkoholiske drikkevarer,3722,.9986666666666667,1.079416666666667
2011,5,02.2,Tobak,3248,1.074,1.071416666666667
2011,5,03.1,Beklædning,10523,1.003666666666667,1.00975
2011,5,03.2,Fodtøj,2426,1.031583333333333,1.0425
2011,5,04.1,Faktisk husleje,16322,1.02725,1.018166666666667
2011,5,04.2,Beregnet lejeværdi af bolig,33757,1.029916666666667,1.02725
2011,5,04.3,Vedligeholdelse og reparation af bolig,6114,1.0135,1.03175
2011,5,04.4,Vandforsyning og andre tjenester i forbindelse med boligen,7992,1.014166666666667,1.048833333333333
2011,5,04.5,"Elektricitet, gas og andet brændsel",29033,1.072583333333333,1.008416666666667
2011,5,05.1,"Møbler og boligudstyr, tæpper og anden gulvbelægning",6382,1.012416666666667,1.0055
2011,5,05.2,Boligtekstiler,903,1.041833333333333,1.037
2011,5,05.3,Husholdningsapparater og reparation heraf,4174,.9868333333333333,.9888333333333333
2011,5,05.4,"Glas, service og husholdningsredskaber",1815,1.013416666666667,1.014416666666667
2011,5,05.5,Værktøj og udstyr til hus og have,2588,1.008,1.017416666666667
2011,5,05.6,Andre varer og tjenester til husholdningen,3078,1.01525,1.0145
2011,5,06.1,"Medicinske produkter, apparater og medicinsk udstyr",3503,1.05325,.9846666666666667
2011,5,06.2,Ambulant behandling,3254,1.0065,1.018
2011,5,06.3,Hospitalstjenester,0,1.002583333333333,.9995833333333334
2011,5,07.1,Køb af køretøjer,17805,.9894166666666667,.9900833333333333
2011,5,07.2,Drift af personlige transportmidler,26976,1.0705,1.0265
2011,5,07.3,Transporttjenester,4154,1.015833333333333,1.061916666666667
2011,5,08.1,Posttjenester,200,1.187,1.073
2011,5,08.2,Telefon- og telefaxudstyr,1026,1.67375,.9666666666666666
2011,5,08.3,Teletjenester,6718,.9944166666666666,.9548333333333333
2011,5,09.1,Audiovisuelt og fotografisk udstyr og dataudstyr,8590,.9519166666666666,.9480833333333334
2011,5,09.2,Andre større varige forbrugsgoder til fritids- og kulturaktiviteter,1304,1.027,1.030666666666667
2011,5,09.3,"Andet tilbehør og udstyr til fritid, haver og kæledyr",7981,.99125,.9971666666666666
2011,5,09.4,Fritids- og kulturtjenester,8932,1.034416666666667,1.022833333333333
2011,5,09.5,"Aviser, bøger og papirvarer",2760,.9944166666666666,1.051666666666667
2011,5,09.6,Pakkerejser,4934,.9914166666666667,.9475
2011,5,10.,Uddannelse,1297,1.045416666666667,1.045083333333333
2011,5,11.1,"Restauranter, cafeer og kantiner mv.",9806,1.025083333333333,1.037583333333333
2011,5,11.2,Overnatningsfaciliteter,3080,1.00975,1.035583333333333
2011,5,12.1,Personlig pleje,5614,1.020333333333333,1.010333333333333
2011,5,12.3,Andre personlige effekter,1824,1.056666666666667,1.03475
2011,5,12.4,Daginstitutioner og social forsorg,4233,1.01125,1.01525
2011,5,12.5,Forsikring,13589,1.03375,1.0405
2011,5,12.6,Finansielle tjenester,566,1.014416666666667,1.077416666666667
2011,5,12.7,Andre tjenester,1303,1.015333333333333,1.020583333333333
2012,1,01.1,Fødevarer,34744,1.045583333333333,1.007666666666667
2012,1,01.2,Ikke-alkoholiske drikkevarer,3244,1.024916666666667,.9698333333333333
2012,1,02.1,Alkoholiske drikkevarer,5756,1.0775,1.018416666666667
2012,1,02.2,Tobak,2525,1.073,1.03125
2012,1,03.1,Beklædning,13479,1.004833333333333,.9970833333333333
2012,1,03.2,Fodtøj,3527,1.066416666666667,1.049
2012,1,04.1,Faktisk husleje,36026,1.0285,1.022
2012,1,04.2,Beregnet lejeværdi af bolig,35532,1.02725,1.023333333333333
2012,1,04.3,Vedligeholdelse og reparation af bolig,3383,1.031,1.01975
2012,1,04.4,Vandforsyning og andre tjenester i forbindelse med boligen,8646,1.0405,1.023
2012,1,04.5,"Elektricitet, gas og andet brændsel",22124,1.02275,1.017916666666667
2012,1,05.1,"Møbler og boligudstyr, tæpper og anden gulvbelægning",7366,1.005666666666667,.9861666666666666
2012,1,05.2,Boligtekstiler,1463,1.029,1.033
2012,1,05.3,Husholdningsapparater og reparation heraf,2662,.98,.9734166666666667
2012,1,05.4,"Glas, service og husholdningsredskaber",2381,1.025416666666667,1.005166666666667
2012,1,05.5,Værktøj og udstyr til hus og have,1042,1.019583333333333,1.010583333333333
2012,1,05.6,Andre varer og tjenester til husholdningen,3277,1.018833333333333,1.010583333333333
2012,1,06.1,"Medicinske produkter, apparater og medicinsk udstyr",3585,.98425,.9875833333333334
2012,1,06.2,Ambulant behandling,4069,1.017,1.025
2012,1,06.3,Hospitalstjenester,30,.9995833333333334,1.0165
2012,1,07.1,Køb af køretøjer,9555,.9896666666666667,.9964166666666666
2012,1,07.2,Drift af personlige transportmidler,19901,1.034083333333333,.9899166666666667
2012,1,07.3,Transporttjenester,10171,1.048083333333333,1.019333333333333
2012,1,08.1,Posttjenester,304,1.073,1.007
2012,1,08.2,Telefon- og telefaxudstyr,1098,.9628333333333333,.93025
2012,1,08.3,Teletjenester,6561,.9565833333333333,.98725
2012,1,09.1,Audiovisuelt og fotografisk udstyr og dataudstyr,5532,.9284166666666667,.92175
2012,1,09.2,Andre større varige forbrugsgoder til fritids- og kulturaktiviteter,992,1.011416666666667,1.010416666666667
2012,1,09.3,"Andet tilbehør og udstyr til fritid, haver og kæledyr",5642,1.00375,.98475
2012,1,09.4,Fritids- og kulturtjenester,11379,1.030083333333333,1.037916666666667
2012,1,09.5,"Aviser, bøger og papirvarer",3313,1.048333333333333,1.001083333333333
2012,1,09.6,Pakkerejser,5394,.9475,1.04175
2012,1,10.,Uddannelse,2030,1.02975,1.032166666666667
2012,1,11.1,"Restauranter, cafeer og kantiner mv.",17031,1.03775,1.023083333333333
2012,1,11.2,Overnatningsfaciliteter,4105,1.03475,.9743333333333334
2012,1,12.1,Personlig pleje,6718,1.008,.99725
2012,1,12.3,Andre personlige effekter,2875,1.035083333333333,.99625
2012,1,12.4,Daginstitutioner og social forsorg,4356,1.012,1.02375
2012,1,12.5,Forsikring,13053,1.0415,.957
2012,1,12.6,Finansielle tjenester,1089,1.112166666666667,1.03375
2012,1,12.7,Andre tjenester,524,1.032,1.032833333333333
2012,2,01.1,Fødevarer,33641,1.04425,1.00725
2012,2,01.2,Ikke-alkoholiske drikkevarer,2907,1.029833333333333,.9683333333333334
2012,2,02.1,Alkoholiske drikkevarer,4343,1.076416666666667,1.0195
2012,2,02.2,Tobak,3006,1.074916666666667,1.032166666666667
2012,2,03.1,Beklædning,9221,1.00975,.9974999999999999
2012,2,03.2,Fodtøj,2727,1.065333333333333,1.041416666666667
2012,2,04.1,Faktisk husleje,21968,1.0255,1.02125
2012,2,04.2,Beregnet lejeværdi af bolig,36613,1.02725,1.023333333333333
2012,2,04.3,Vedligeholdelse og reparation af bolig,5284,1.031416666666667,1.013333333333333
2012,2,04.4,Vandforsyning og andre tjenester i forbindelse med boligen,9211,1.041583333333333,1.0225
2012,2,04.5,"Elektricitet, gas og andet brændsel",25532,1.019916666666667,1.014
2012,2,05.1,"Møbler og boligudstyr, tæpper og anden gulvbelægning",5445,1.004083333333333,.9875
2012,2,05.2,Boligtekstiler,1025,1.032083333333333,1.01525
2012,2,05.3,Husholdningsapparater og reparation heraf,3161,.9919166666666667,.9795
2012,2,05.4,"Glas, service og husholdningsredskaber",2196,1.023833333333333,.9995833333333334
2012,2,05.5,Værktøj og udstyr til hus og have,1824,1.0125,1.01525
2012,2,05.6,Andre varer og tjenester til husholdningen,4121,1.016166666666667,1.010666666666667
2012,2,06.1,"Medicinske produkter, apparater og medicinsk udstyr",3644,.98525,.9885
2012,2,06.2,Ambulant behandling,4489,1.0185,1.027166666666667
2012,2,06.3,Hospitalstjenester,0,.9995833333333334,1.0165
2012,2,07.1,Køb af køretøjer,20045,.989,.9918333333333333
2012,2,07.2,Drift af personlige transportmidler,25742,1.036,.9895
2012,2,07.3,Transporttjenester,5838,1.052416666666667,1.01125
2012,2,08.1,Posttjenester,135,1.073,1.007
2012,2,08.2,Telefon- og telefaxudstyr,1223,.9672500000000001,.9285833333333333
2012,2,08.3,Teletjenester,6711,.95225,.9754166666666667
2012,2,09.1,Audiovisuelt og fotografisk udstyr og dataudstyr,5355,.9526666666666667,.9356666666666666
2012,2,09.2,Andre større varige forbrugsgoder til fritids- og kulturaktiviteter,1444,1.0035,1.013166666666667
2012,2,09.3,"Andet tilbehør og udstyr til fritid, haver og kæledyr",6849,1.000666666666667,.9903333333333333
2012,2,09.4,Fritids- og kulturtjenester,9345,1.029916666666667,1.030666666666667
2012,2,09.5,"Aviser, bøger og papirvarer",2850,1.046916666666667,1.012666666666667
2012,2,09.6,Pakkerejser,4676,.9475,1.04175
2012,2,10.,Uddannelse,1667,1.026833333333333,1.03625
2012,2,11.1,"Restauranter, cafeer og kantiner mv.",10529,1.037916666666667,1.02575
2012,2,11.2,Overnatningsfaciliteter,3265,1.032,.9731666666666666
2012,2,12.1,Personlig pleje,6163,1.008583333333333,.9988333333333334
2012,2,12.3,Andre personlige effekter,1371,1.034,.99925
2012,2,12.4,Daginstitutioner og social forsorg,3124,1.013583333333333,1.023333333333333
2012,2,12.5,Forsikring,16466,1.04,.9385
2012,2,12.6,Finansielle tjenester,1177,1.098,1.0315
2012,2,12.7,Andre tjenester,655,1.02375,1.025333333333333
2012,3,01.1,Fødevarer,31510,1.0465,1.009833333333333
2012,3,01.2,Ikke-alkoholiske drikkevarer,2720,1.027583333333333,.9668333333333333
2012,3,02.1,Alkoholiske drikkevarer,3475,1.080583333333333,1.02175
2012,3,02.2,Tobak,2872,1.071833333333333,1.031666666666667
2012,3,03.1,Beklædning,10545,1.012916666666667,.99575
2012,3,03.2,Fodtøj,3062,1.048916666666667,1.035083333333333
2012,3,04.1,Faktisk husleje,22975,1.025083333333333,1.022666666666667
2012,3,04.2,Beregnet lejeværdi af bolig,27330,1.02725,1.023333333333333
2012,3,04.3,Vedligeholdelse og reparation af bolig,3052,1.032166666666667,1.0215
2012,3,04.4,Vandforsyning og andre tjenester i forbindelse med boligen,8230,1.042833333333333,1.0225
2012,3,04.5,"Elektricitet, gas og andet brændsel",24141,1.01725,1.01325
2012,3,05.1,"Møbler og boligudstyr, tæpper og anden gulvbelægning",5526,1.007666666666667,.9891666666666666
2012,3,05.2,Boligtekstiler,768,1.0265,1.01625
2012,3,05.3,Husholdningsapparater og reparation heraf,2282,.9838333333333333,.9831666666666666
2012,3,05.4,"Glas, service og husholdningsredskaber",2012,1.026083333333333,.9986666666666667
2012,3,05.5,Værktøj og udstyr til hus og have,1775,1.01175,1.013833333333333
2012,3,05.6,Andre varer og tjenester til husholdningen,3060,1.015333333333333,1.01175
2012,3,06.1,"Medicinske produkter, apparater og medicinsk udstyr",3404,.9813333333333333,.9906666666666667
2012,3,06.2,Ambulant behandling,4337,1.019,1.027166666666667
2012,3,06.3,Hospitalstjenester,1,.9995833333333334,1.0165
2012,3,07.1,Køb af køretøjer,12603,.9896666666666667,.9926666666666667
2012,3,07.2,Drift af personlige transportmidler,24382,1.03475,.989
2012,3,07.3,Transporttjenester,3408,1.05475,1.003
2012,3,08.1,Posttjenester,130,1.073,1.007
2012,3,08.2,Telefon- og telefaxudstyr,1330,.9699166666666666,.9298333333333333
2012,3,08.3,Teletjenester,6256,.94175,.97175
2012,3,09.1,Audiovisuelt og fotografisk udstyr og dataudstyr,4953,.9419999999999999,.93275
2012,3,09.2,Andre større varige forbrugsgoder til fritids- og kulturaktiviteter,159,1.026166666666667,1.006583333333333
2012,3,09.3,"Andet tilbehør og udstyr til fritid, haver og kæledyr",6808,1.001416666666667,.9905
2012,3,09.4,Fritids- og kulturtjenester,9602,1.0335,1.032583333333333
2012,3,09.5,"Aviser, bøger og papirvarer",2768,1.04825,1.009416666666667
2012,3,09.6,Pakkerejser,3518,.9475,1.04175
2012,3,10.,Uddannelse,968,1.033416666666667,1.03325
2012,3,11.1,"Restauranter, cafeer og kantiner mv.",10793,1.037833333333333,1.02575
2012,3,11.2,Overnatningsfaciliteter,3062,1.035416666666667,.9705
2012,3,12.1,Personlig pleje,5647,1.010583333333333,1.003333333333333
2012,3,12.3,Andre personlige effekter,1944,1.063416666666667,1.007666666666667
2012,3,12.4,Daginstitutioner og social forsorg,3387,1.016666666666667,1.024166666666667
2012,3,12.5,Forsikring,15767,1.0395,.9455
2012,3,12.6,Finansielle tjenester,839,1.092833333333333,1.03175
2012,3,12.7,Andre tjenester,497,1.012666666666667,1.02475
2012,4,01.1,Fødevarer,33542,1.044083333333333,1.00975
2012,4,01.2,Ikke-alkoholiske drikkevarer,3087,1.026583333333333,.9679166666666666
2012,4,02.1,Alkoholiske drikkevarer,4372,1.079166666666667,1.021166666666667
2012,4,02.2,Tobak,2733,1.07325,1.031333333333333
2012,4,03.1,Beklædning,12345,1.00825,.9956666666666667
2012,4,03.2,Fodtøj,2392,1.045666666666667,1.038333333333333
2012,4,04.1,Faktisk husleje,19363,1.015833333333333,1.018166666666667
2012,4,04.2,Beregnet lejeværdi af bolig,38359,1.02725,1.023333333333333
2012,4,04.3,Vedligeholdelse og reparation af bolig,3290,1.02725,1.0115
2012,4,04.4,Vandforsyning og andre tjenester i forbindelse med boligen,9411,1.045166666666667,1.022666666666667
2012,4,04.5,"Elektricitet, gas og andet brændsel",23597,1.015916666666667,1.010416666666667
2012,4,05.1,"Møbler og boligudstyr, tæpper og anden gulvbelægning",5894,1.003916666666667,.9908333333333333
2012,4,05.2,Boligtekstiler,1803,1.038,1.018833333333333
2012,4,05.3,Husholdningsapparater og reparation heraf,3243,.9840833333333333,.9800833333333333
2012,4,05.4,"Glas, service og husholdningsredskaber",2656,1.01925,1.00075
2012,4,05.5,Værktøj og udstyr til hus og have,2415,1.011583333333333,1.009916666666667
2012,4,05.6,Andre varer og tjenester til husholdningen,3184,1.01475,1.011333333333333
2012,4,06.1,"Medicinske produkter, apparater og medicinsk udstyr",3039,.985,.9896666666666667
2012,4,06.2,Ambulant behandling,4236,1.0185,1.02625
2012,4,06.3,Hospitalstjenester,113,.9995833333333334,1.0165
2012,4,07.1,Køb af køretøjer,17463,.9894166666666667,.9913333333333333
2012,4,07.2,Drift af personlige transportmidler,26355,1.0335,.9875833333333334
2012,4,07.3,Transporttjenester,4443,1.05575,1.003833333333333
2012,4,08.1,Posttjenester,224,1.073,1.007
2012,4,08.2,Telefon- og telefaxudstyr,1513,.9620000000000001,.9295
2012,4,08.3,Teletjenester,6713,.9615833333333333,.97775
2012,4,09.1,Audiovisuelt og fotografisk udstyr og dataudstyr,5986,.9445833333333333,.9359999999999999
2012,4,09.2,Andre større varige forbrugsgoder til fritids- og kulturaktiviteter,97,1.0175,1.0175
2012,4,09.3,"Andet tilbehør og udstyr til fritid, haver og kæledyr",7437,1.003666666666667,.992
2012,4,09.4,Fritids- og kulturtjenester,10159,1.02125,1.03025
2012,4,09.5,"Aviser, bøger og papirvarer",3168,1.0485,1.010333333333333
2012,4,09.6,Pakkerejser,4961,.9475,1.04175
2012,4,10.,Uddanelse,1943,1.040083333333333,1.0305
2012,4,11.1,"Restauranter, cafeer og kantiner mv.",13663,1.037166666666667,1.027083333333333
2012,4,11.2,Overnatningsfaciliteter,5745,1.031166666666667,.9750833333333333
2012,4,12.1,Personlig pleje,6339,1.00975,1.003416666666667
2012,4,12.3,Andre personlige effekter,1614,1.0505,1.006
2012,4,12.4,Daginstitutioner og social forsorg,3780,1.016083333333333,1.023333333333333
2012,4,12.5,Forsikring,16953,1.0385,.9415
2012,4,12.6,Finansielle tjenester,840,1.121666666666667,1.033833333333333
2012,4,12.7,Andre tjenester,590,1.0275,1.025
2012,5,01.1,Fødevarer,29982,1.045333333333333,1.010333333333333
2012,5,01.2,Ikke-alkoholiske drikkevarer,2561,1.023,.9715833333333334
2012,5,02.1,Alkoholiske drikkevarer,3345,1.079416666666667,1.021916666666667
2012,5,02.2,Tobak,2761,1.071416666666667,1.03075
2012,5,03.1,Beklædning,10359,1.00975,.9945000000000001
2012,5,03.2,Fodtøj,2493,1.0425,1.034416666666667
2012,5,04.1,Faktisk husleje,18791,1.018166666666667,1.0105
2012,5,04.2,Beregnet lejeværdi af bolig,30220,1.02725,1.023333333333333
2012,5,04.3,Vedligeholdelse og reparation af bolig,4265,1.03175,1.016916666666667
2012,5,04.4,Vandforsyning og andre tjenester i forbindelse med boligen,8038,1.048833333333333,1.0235
2012,5,04.5,"Elektricitet, gas og andet brændsel",26908,1.008416666666667,1.0085
2012,5,05.1,"Møbler og boligudstyr, tæpper og anden gulvbelægning",6314,1.0055,.9910833333333333
2012,5,05.2,Boligtekstiler,987,1.037,1.007
2012,5,05.3,Husholdningsapparater og reparation heraf,4734,.9888333333333333,.9875
2012,5,05.4,"Glas, service og husholdningsredskaber",1707,1.014416666666667,1.007833333333333
2012,5,05.5,Værktøj og udstyr til hus og have,2408,1.017416666666667,1.013333333333333
2012,5,05.6,Andre varer og tjenester til husholdningen,2997,1.0145,1.010083333333333
2012,5,06.1,"Medicinske produkter, apparater og medicinsk udstyr",3215,.9846666666666667,.9919166666666667
2012,5,06.2,Ambulant behandling,3430,1.018,1.027083333333333
2012,5,06.3,Hospitalstjenester,0,.9995833333333334,1.0165
2012,5,07.1,Køb af køretøjer,21211,.9900833333333333,.9918333333333333
2012,5,07.2,Drift af personlige transportmidler,25782,1.0265,.9896666666666667
2012,5,07.3,Transporttjenester,3929,1.061916666666667,.9999166666666667
2012,5,08.1,Posttjenester,200,1.073,1.007
2012,5,08.2,Telefon- og telefaxudstyr,1020,.9666666666666666,.9321666666666667
2012,5,08.3,Teletjenester,6609,.9548333333333333,.9839166666666667
2012,5,09.1,Audiovisuelt og fotografisk udstyr og dataudstyr,7114,.9480833333333334,.9299999999999999
2012,5,09.2,Andre større varige forbrugsgoder til fritids- og kulturaktiviteter,553,1.030666666666667,1.020916666666667
2012,5,09.3,"Andet tilbehør og udstyr til fritid, haver og kæledyr",7773,.9971666666666666,.9934166666666666
2012,5,09.4,Fritids- og kulturtjenester,9370,1.022833333333333,1.024583333333333
2012,5,09.5,"Aviser, bøger og papirvarer",2658,1.051666666666667,.9978333333333333
2012,5,09.6,Pakkerejser,4089,.9475,1.04175
2012,5,10.,Uddannelse,1183,1.045083333333333,1.028916666666667
2012,5,11.1,"Restauranter, cafeer og kantiner mv.",9880,1.037583333333333,1.027166666666667
2012,5,11.2,Overnatningsfaciliteter,2893,1.035583333333333,.9722499999999999
2012,5,12.1,Personlig pleje,5155,1.010333333333333,1.001916666666667
2012,5,12.3,Andre personlige effekter,1447,1.03475,.9980833333333333
2012,5,12.4,Daginstitutioner og social forsorg,3524,1.01525,1.023333333333333
2012,5,12.5,Forsikring,17022,1.0405,.9445
2012,5,12.6,Finansielle tjenester,552,1.077416666666667,1.033
2012,5,12.7,Andre tjenester,1118,1.020583333333333,1.025
2013,1,01.1,Fødevarer,36226,1.007666666666667,.99725
2013,1,01.2,Ikke-alkoholiske drikkevarer,3878,.9698333333333333,.9500833333333334
2013,1,02.1,Alkoholiske drikkevarer,6549,1.018416666666667,.9793333333333334
2013,1,02.2,Tobak,2598,1.03125,1.0285
2013,1,03.1,Beklædning,13945,.9970833333333333,.9870833333333333
2013,1,03.2,Fodtøj,3624,1.049,1.062916666666667
2013,1,04.1,Faktisk husleje,33520,1.022,1.016833333333333
2013,1,04.2,Beregnet lejeværdi af bolig,43152,1.023333333333333,1.018416666666667
2013,1,04.3,Vedligeholdelse og reparation af bolig,4124,1.01975,1.011166666666667
2013,1,04.4,Vandforsyning og andre tjenester i forbindelse med boligen,9074,1.023,.9955000000000001
2013,1,04.5,"Elektricitet, gas og andet brændsel",23870,1.017916666666667,1.018
2013,1,05.1,"Møbler og boligudstyr, tæpper og anden gulvbelægning",9248,.9861666666666666,.9846666666666667
2013,1,05.2,Boligtekstiler,1685,1.033,.9968333333333333
2013,1,05.3,Husholdningsapparater og reparation heraf,3002,.9734166666666667,.9814166666666667
2013,1,05.4,"Glas, service og husholdningsredskaber",2862,1.005166666666667,.9928333333333333
2013,1,05.5,Værktøj og udstyr til hus og have,1204,1.010583333333333,.9990833333333333
2013,1,05.6,Andre varer og tjenester til husholdningen,3886,1.010583333333333,1.006083333333333
2013,1,06.1,"Medicinske produkter, apparater og medicinsk udstyr",3324,.9875833333333334,1.014416666666667
2013,1,06.2,Ambulant behandling,4549,1.025,1.026916666666667
2013,1,06.3,Hospitalstjenester,25,1.0165,1.031583333333333
2013,1,07.1,Køb af køretøjer,12461,.9964166666666666,.99175
2013,1,07.2,Drift af personlige transportmidler,21010,.9899166666666667,.99425
2013,1,07.3,Transporttjenester,10652,1.019333333333333,1.00275
2013,1,08.1,Posttjenester,233,1.007,1.096
2013,1,08.2,Telefon- og telefaxudstyr,1310,.93025,.8993333333333333
2013,1,08.3,Teletjenester,6012,.98725,.99375
2013,1,09.1,Audiovisuelt og fotografisk udstyr og dataudstyr,5336,.92175,.9148333333333334
2013,1,09.2,Andre større varige forbrugsgoder til fritids- og kulturaktiviteter,1249,1.010416666666667,1.012916666666667
2013,1,09.3,"Andet tilbehør og udstyr til fritid, haver og kæledyr",6435,.98475,.9796666666666667
2013,1,09.4,Fritids- og kulturtjenester,11792,1.037916666666667,1.027583333333333
2013,1,09.5,"Aviser, bøger og papirvarer",3639,1.001083333333333,1.023833333333333
2013,1,09.6,Pakkerejser,6956,1.04175,.9899166666666667
2013,1,10.,Uddannelse,2073,1.032166666666667,1.024083333333333
2013,1,11.1,"Restauranter, cafeer og kantiner mv.",18382,1.023083333333333,1.013583333333333
2013,1,11.2,Overnatningsfaciliteter,4843,.9743333333333334,.9906666666666667
2013,1,12.1,Personlig pleje,7294,.99725,.9989166666666667
2013,1,12.3,Andre personlige effekter,2230,.99625,1.010166666666667
2013,1,12.4,Daginstitutioner og social forsorg,4476,1.02375,1.016416666666667
2013,1,12.5,Forsikring,12937,.957,1.048
2013,1,12.6,Finansielle tjenester,1114,1.03375,1.044333333333333
2013,1,12.7,Andre tjenester,963,1.032833333333333,1.019833333333333
2013,2,01.1,Fødevarer,33554,1.00725,.9974166666666666
2013,2,01.2,Ikke-alkoholiske drikkevarer,3442,.9683333333333334,.94225
2013,2,02.1,Alkoholiske drikkevarer,4260,1.0195,.9841666666666666
2013,2,02.2,Tobak,2640,1.032166666666667,1.02825
2013,2,03.1,Beklædning,11163,.9974999999999999,.98925
2013,2,03.2,Fodtøj,2659,1.041416666666667,1.058916666666667
2013,2,04.1,Faktisk husleje,23751,1.02125,1.0185
2013,2,04.2,Beregnet lejeværdi af bolig,37181,1.023333333333333,1.018416666666667
2013,2,04.3,Vedligeholdelse og reparation af bolig,4752,1.013333333333333,1.008
2013,2,04.4,Vandforsyning og andre tjenester i forbindelse med boligen,9026,1.0225,.996
2013,2,04.5,"Elektricitet, gas og andet brændsel",25683,1.014,1.012166666666667
2013,2,05.1,"Møbler og boligudstyr, tæpper og anden gulvbelægning",6247,.9875,.9866666666666667
2013,2,05.2,Boligtekstiler,1124,1.01525,.99275
2013,2,05.3,Husholdningsapparater og reparation heraf,2099,.9795,.987
2013,2,05.4,"Glas, service og husholdningsredskaber",2120,.9995833333333334,.9951666666666666
2013,2,05.5,Værktøj og udstyr til hus og have,1672,1.01525,1.00375
2013,2,05.6,Andre varer og tjenester til husholdningen,3937,1.010666666666667,1.007166666666667
2013,2,06.1,"Medicinske produkter, apparater og medicinsk udstyr",3664,.9885,1.013333333333333
2013,2,06.2,Ambulant behandling,4042,1.027166666666667,1.0295
2013,2,06.3,Hospitalstjenester,0,1.0165,1.031583333333333
2013,2,07.1,Køb af køretøjer,19545,.9918333333333333,.9900833333333333
2013,2,07.2,Drift af personlige transportmidler,25840,.9895,.9929166666666667
2013,2,07.3,Transporttjenester,5203,1.01125,.9924166666666666
2013,2,08.1,Posttjenester,180,1.007,1.096
2013,2,08.2,Telefon- og telefaxudstyr,1139,.9285833333333333,.896
2013,2,08.3,Teletjenester,5702,.9754166666666667,.99125
2013,2,09.1,Audiovisuelt og fotografisk udstyr og dataudstyr,4461,.9356666666666666,.92375
2013,2,09.2,Andre større varige forbrugsgoder til fritids- og kulturaktiviteter,1369,1.013166666666667,1.046916666666667
2013,2,09.3,"Andet tilbehør og udstyr til fritid, haver og kæledyr",7713,.9903333333333333,.99075
2013,2,09.4,Fritids- og kulturtjenester,10045,1.030666666666667,1.02725
2013,2,09.5,"Aviser, bøger og papirvarer",2988,1.012666666666667,1.02975
2013,2,09.6,Pakkerejser,4825,1.04175,.9899166666666667
2013,2,10.,Uddannelse,1207,1.03625,1.028416666666667
2013,2,11.1,"Restauranter, cafeer og kantiner mv.",11167,1.02575,1.016166666666667
2013,2,11.2,Overnatningsfaciliteter,2099,.9731666666666666,.99075
2013,2,12.1,Personlig pleje,6683,.9988333333333334,.99825
2013,2,12.3,Andre personlige effekter,1438,.99925,1.010333333333333
2013,2,12.4,Daginstitutioner og social forsorg,2500,1.023333333333333,1.013083333333333
2013,2,12.5,Forsikring,15836,.9385,1.05575
2013,2,12.6,Finansielle tjenester,2515,1.0315,1.0385
2013,2,12.7,Andre tjenester,771,1.025333333333333,1.01925
2013,3,01.1,Fødevarer,31240,1.009833333333333,.9985000000000001
2013,3,01.2,Ikke-alkoholiske drikkevarer,3105,.9668333333333333,.9394166666666667
2013,3,02.1,Alkoholiske drikkevarer,3715,1.02175,.988
2013,3,02.2,Tobak,2657,1.031666666666667,1.028166666666667
2013,3,03.1,Beklædning,10191,.99575,.9901666666666666
2013,3,03.2,Fodtøj,2743,1.035083333333333,1.057583333333333
2013,3,04.1,Faktisk husleje,22748,1.022666666666667,1.016416666666667
2013,3,04.2,Beregnet lejeværdi af bolig,28701,1.023333333333333,1.018416666666667
2013,3,04.3,Vedligeholdelse og reparation af bolig,3667,1.0215,1.013833333333333
2013,3,04.4,Vandforsyning og andre tjenester i forbindelse med boligen,7937,1.0225,.99625
2013,3,04.5,"Elektricitet, gas og andet brændsel",23520,1.01325,1.0105
2013,3,05.1,"Møbler og boligudstyr, tæpper og anden gulvbelægning",6371,.9891666666666666,.9766666666666667
2013,3,05.2,Boligtekstiler,782,1.01625,.99325
2013,3,05.3,Husholdningsapparater og reparation heraf,1797,.9831666666666666,.9865
2013,3,05.4,"Glas, service og husholdningsredskaber",1863,.9986666666666667,.9940833333333333
2013,3,05.5,Værktøj og udstyr til hus og have,1836,1.013833333333333,1.0015
2013,3,05.6,Andre varer og tjenester til husholdningen,3374,1.01175,1.006416666666667
2013,3,06.1,"Medicinske produkter, apparater og medicinsk udstyr",2983,.9906666666666667,1.010916666666667
2013,3,06.2,Ambulant behandling,3939,1.027166666666667,1.0295
2013,3,06.3,Hospitalstjenester,1,1.0165,1.031583333333333
2013,3,07.1,Køb af køretøjer,14092,.9926666666666667,.99025
2013,3,07.2,Drift af personlige transportmidler,22591,.989,.9944166666666666
2013,3,07.3,Transporttjenester,3386,1.003,.9795
2013,3,08.1,Posttjenester,106,1.007,1.096
2013,3,08.2,Telefon- og telefaxudstyr,1276,.9298333333333333,.89625
2013,3,08.3,Teletjenester,5504,.97175,.9905833333333334
2013,3,09.1,Audiovisuelt og fotografisk udstyr og dataudstyr,4037,.93275,.9359999999999999
2013,3,09.2,Andre større varige forbrugsgoder til fritids- og kulturaktiviteter,175,1.006583333333333,.9844166666666667
2013,3,09.3,"Andet tilbehør og udstyr til fritid, haver og kæledyr",6693,.9905,.9884166666666667
2013,3,09.4,Fritids- og kulturtjenester,9564,1.032583333333333,1.027
2013,3,09.5,"Aviser, bøger og papirvarer",2942,1.009416666666667,1.0265
2013,3,09.6,Pakkerejser,3934,1.04175,.9899166666666667
2013,3,10.,Uddannelse,905,1.03325,1.031
2013,3,11.1,"Restauranter, cafeer og kantiner mv.",10165,1.02575,1.014583333333333
2013,3,11.2,Overnatningsfaciliteter,2922,.9705,.9896666666666667
2013,3,12.1,Personlig pleje,5458,1.003333333333333,.9995000000000001
2013,3,12.3,Andre personlige effekter,1671,1.007666666666667,.9855833333333334
2013,3,12.4,Daginstitutioner og social forsorg,3554,1.024166666666667,1.002083333333333
2013,3,12.5,Forsikring,14862,.9455,1.05225
2013,3,12.6,Finansielle tjenester,699,1.03175,1.03975
2013,3,12.7,Andre tjenester,471,1.02475,1.01925
2013,4,01.1,Fødevarer,30989,1.00975,.9973333333333333
2013,4,01.2,Ikke-alkoholiske drikkevarer,3128,.9679166666666666,.9421666666666667
2013,4,02.1,Alkoholiske drikkevarer,4368,1.021166666666667,.9896666666666667
2013,4,02.2,Tobak,2244,1.031333333333333,1.028166666666667
2013,4,03.1,Beklædning,10625,.9956666666666667,.9896666666666667
2013,4,03.2,Fodtøj,2139,1.038333333333333,1.05725
2013,4,04.1,Faktisk husleje,19136,1.018166666666667,1.017583333333333
2013,4,04.2,Beregnet lejeværdi af bolig,37972,1.023333333333333,1.018416666666667
2013,4,04.3,Vedligeholdelse og reparation af bolig,2963,1.0115,1.007916666666667
2013,4,04.4,Vandforsyning og andre tjenester i forbindelse med boligen,8513,1.022666666666667,.9956666666666667
2013,4,04.5,"Elektricitet, gas og andet brændsel",24093,1.010416666666667,1.00975
2013,4,05.1,"Møbler og boligudstyr, tæpper og anden gulvbelægning",5390,.9908333333333333,.9870833333333333
2013,4,05.2,Boligtekstiler,1082,1.018833333333333,.9925
2013,4,05.3,Husholdningsapparater og reparation heraf,2540,.9800833333333333,.98325
2013,4,05.4,"Glas, service og husholdningsredskaber",2382,1.00075,.9926666666666667
2013,4,05.5,Værktøj og udstyr til hus og have,2391,1.009916666666667,1.006
2013,4,05.6,Andre varer og tjenester til husholdningen,3236,1.011333333333333,1.006583333333333
2013,4,06.1,"Medicinske produkter, apparater og medicinsk udstyr",2264,.9896666666666667,1.010583333333333
2013,4,06.2,Ambulant behandling,3544,1.02625,1.027916666666667
2013,4,06.3,Hospitalstjenester,126,1.0165,1.031583333333333
2013,4,07.1,Køb af køretøjer,13828,.9913333333333333,.99
2013,4,07.2,Drift af personlige transportmidler,22491,.9875833333333334,.9913333333333333
2013,4,07.3,Transporttjenester,3932,1.003833333333333,.9805
2013,4,08.1,Posttjenester,196,1.007,1.096
2013,4,08.2,Telefon- og telefaxudstyr,1403,.9295,.8969166666666667
2013,4,08.3,Teletjenester,5674,.97775,.9906666666666667
2013,4,09.1,Audiovisuelt og fotografisk udstyr og dataudstyr,5033,.9359999999999999,.9319166666666667
2013,4,09.2,Andre større varige forbrugsgoder til fritids- og kulturaktiviteter,340,1.0175,1.015833333333333
2013,4,09.3,"Andet tilbehør og udstyr til fritid, haver og kæledyr",6094,.992,.986
2013,4,09.4,Fritids- og kulturtjenester,9526,1.03025,1.02775
2013,4,09.5,"Aviser, bøger og papirvarer",2718,1.010333333333333,1.027166666666667
2013,4,09.6,Pakkerejser,5150,1.04175,.9899166666666667
2013,4,10.,Uddanelse,2201,1.0305,1.027583333333333
2013,4,11.1,"Restauranter, cafeer og kantiner mv.",12756,1.027083333333333,1.0155
2013,4,11.2,Overnatningsfaciliteter,4694,.9750833333333333,.9914166666666667
2013,4,12.1,Personlig pleje,5810,1.003416666666667,1.003166666666667
2013,4,12.3,Andre personlige effekter,1340,1.006,1.002333333333333
2013,4,12.4,Daginstitutioner og social forsorg,3349,1.023333333333333,1.00225
2013,4,12.5,Forsikring,15298,.9415,1.05475
2013,4,12.6,Finansielle tjenester,827,1.033833333333333,1.044833333333333
2013,4,12.7,Andre tjenester,706,1.025,1.017833333333333
2013,5,01.1,Fødevarer,28516,1.010333333333333,.9979166666666667
2013,5,01.2,Ikke-alkoholiske drikkevarer,2954,.9715833333333334,.9420833333333334
2013,5,02.1,Alkoholiske drikkevarer,3287,1.021916666666667,.99275
2013,5,02.2,Tobak,2716,1.03075,1.028333333333333
2013,5,03.1,Beklædning,9179,.9945000000000001,.9906666666666667
2013,5,03.2,Fodtøj,2045,1.034416666666667,1.0505
2013,5,04.1,Faktisk husleje,20691,1.0105,1.01825
2013,5,04.2,Beregnet lejeværdi af bolig,28907,1.023333333333333,1.018416666666667
2013,5,04.3,Vedligeholdelse og reparation af bolig,4823,1.016916666666667,1.012166666666667
2013,5,04.4,Vandforsyning og andre tjenester i forbindelse med boligen,8249,1.0235,.99575
2013,5,04.5,"Elektricitet, gas og andet brændsel",25567,1.0085,1.007
2013,5,05.1,"Møbler og boligudstyr, tæpper og anden gulvbelægning",7513,.9910833333333333,.9911666666666666
2013,5,05.2,Boligtekstiler,1089,1.007,.98925
2013,5,05.3,Husholdningsapparater og reparation heraf,3276,.9875,.9810833333333333
2013,5,05.4,"Glas, service og husholdningsredskaber",1657,1.007833333333333,.9913333333333333
2013,5,05.5,Værktøj og udstyr til hus og have,2080,1.013333333333333,1.007583333333333
2013,5,05.6,Andre varer og tjenester til husholdningen,2637,1.010083333333333,1.003333333333333
2013,5,06.1,"Medicinske produkter, apparater og medicinsk udstyr",2950,.9919166666666667,1.011833333333333
2013,5,06.2,Ambulant behandling,3449,1.027083333333333,1.029666666666667
2013,5,06.3,Hospitalstjenester,0,1.0165,1.031583333333333
2013,5,07.1,Køb af køretøjer,23740,.9918333333333333,.9904166666666666
2013,5,07.2,Drift af personlige transportmidler,22303,.9896666666666667,.9991666666666666
2013,5,07.3,Transporttjenester,3746,.9999166666666667,.9834166666666667
2013,5,08.1,Posttjenester,187,1.007,1.096
2013,5,08.2,Telefon- og telefaxudstyr,1003,.9321666666666667,.8965
2013,5,08.3,Teletjenester,5562,.9839166666666667,.9926666666666667
2013,5,09.1,Audiovisuelt og fotografisk udstyr og dataudstyr,5433,.9299999999999999,.93275
2013,5,09.2,Andre større varige forbrugsgoder til fritids- og kulturaktiviteter,337,1.020916666666667,1.017333333333333
2013,5,09.3,"Andet tilbehør og udstyr til fritid, haver og kæledyr",7285,.9934166666666666,.98825
2013,5,09.4,Fritids- og kulturtjenester,9600,1.024583333333333,1.0255
2013,5,09.5,"Aviser, bøger og papirvarer",2974,.9978333333333333,1.021416666666667
2013,5,09.6,Pakkerejser,3368,1.04175,.9899166666666667
2013,5,10.,Uddannelse,1330,1.028916666666667,1.030083333333333
2013,5,11.1,"Restauranter, cafeer og kantiner mv.",9745,1.027166666666667,1.016
2013,5,11.2,Overnatningsfaciliteter,2219,.9722499999999999,.99
2013,5,12.1,Personlig pleje,4934,1.001916666666667,1.00075
2013,5,12.3,Andre personlige effekter,1141,.9980833333333333,1.009416666666667
2013,5,12.4,Daginstitutioner og social forsorg,3956,1.023333333333333,.9965833333333334
2013,5,12.5,Forsikring,14952,.9445,1.05475
2013,5,12.6,Finansielle tjenester,635,1.033,1.038
2013,5,12.7,Andre tjenester,1102,1.025,1.018
2014,1,01.1,Fødevarer,37982,.99725,1.012916666666667
2014,1,01.2,Ikke-alkoholiske drikkevarer,3611,.9500833333333334,.9975000000000001
2014,1,02.1,Alkoholiske drikkevarer,7016,.9793333333333334,.9933333333333333
2014,1,02.2,Tobak,2668,1.0285,1.00675
2014,1,03.1,Beklædning,13185,.9870833333333333,.9966666666666667
2014,1,03.2,Fodtøj,4212,1.062916666666667,1.070416666666667
2014,1,04.1,Faktisk husleje,35060,1.016833333333333,1.018166666666667
2014,1,04.2,Beregnet lejeværdi af bolig,46151,1.018416666666667,1.018916666666667
2014,1,04.3,Vedligeholdelse og reparation af bolig,3916,1.011166666666667,1.016583333333333
2014,1,04.4,Vandforsyning og andre tjenester i forbindelse med boligen,9463,.9955000000000001,.999
2014,1,04.5,"Elektricitet, gas og andet brændsel",24753,1.018,.9431666666666667
2014,1,05.1,"Møbler og boligudstyr, tæpper og anden gulvbelægning",8787,.9846666666666667,1.026416666666667
2014,1,05.2,Boligtekstiler,1700,.9968333333333333,1.013083333333333
2014,1,05.3,Husholdningsapparater og reparation heraf,2829,.9814166666666667,.9931666666666666
2014,1,05.4,"Glas, service og husholdningsredskaber",2354,.9928333333333333,1.015666666666667
2014,1,05.5,Værktøj og udstyr til hus og have,1420,.9990833333333333,1.0065
2014,1,05.6,Andre varer og tjenester til husholdningen,3981,1.006083333333333,1.003583333333333
2014,1,06.1,"Medicinske produkter, apparater og medicinsk udstyr",3261,1.014416666666667,.9966666666666667
2014,1,06.2,Ambulant behandling,4440,1.026916666666667,1.017
2014,1,06.3,Hospitalstjenester,0,1.031583333333333,1.001916666666667
2014,1,07.1,Køb af køretøjer,11307,.99175,.9994999999999999
2014,1,07.2,Drift af personlige transportmidler,21165,.99425,.9759166666666667
2014,1,07.3,Transporttjenester,10036,1.00275,1.01175
2014,1,08.1,Posttjenester,257,1.096,1.082
2014,1,08.2,Telefon- og telefaxudstyr,1539,.8993333333333333,.9673333333333334
2014,1,08.3,Teletjenester,6792,.99375,.958
2014,1,09.1,Audiovisuelt og fotografisk udstyr og dataudstyr,4687,.9148333333333334,.9459166666666666
2014,1,09.2,Andre større varige forbrugsgoder til fritids- og kulturaktiviteter,1237,1.012916666666667,1.010916666666667
2014,1,09.3,"Andet tilbehør og udstyr til fritid, haver og kæledyr",6424,.9796666666666667,.9808333333333333
2014,1,09.4,Fritids- og kulturtjenester,11683,1.027583333333333,1.018083333333333
2014,1,09.5,"Aviser, bøger og papirvarer",3623,1.023833333333333,1.128916666666667
2014,1,09.6,Pakkerejser,6938,.9899166666666667,1.014666666666667
2014,1,10.,Uddannelse,1643,1.024083333333333,1.040916666666667
2014,1,11.1,"Restauranter, cafeer og kantiner mv.",17491,1.013583333333333,1.011583333333333
2014,1,11.2,Overnatningsfaciliteter,6346,.9906666666666667,.9943333333333333
2014,1,12.1,Personlig pleje,6847,.9989166666666667,1.000416666666667
2014,1,12.3,Andre personlige effekter,2057,1.010166666666667,1.011166666666667
2014,1,12.4,Daginstitutioner og social forsorg,3900,1.016416666666667,1.01025
2014,1,12.5,Forsikring,13125,1.048,1.02275
2014,1,12.6,Finansielle tjenester,1355,1.044333333333333,1.067583333333333
2014,1,12.7,Andre tjenester,951,1.019833333333333,1.024666666666667
2014,2,01.1,Fødevarer,33651,.9974166666666666,1.011083333333333
2014,2,01.2,Ikke-alkoholiske drikkevarer,3360,.94225,.9923333333333333
2014,2,02.1,Alkoholiske drikkevarer,4711,.9841666666666666,.9984166666666666
2014,2,02.2,Tobak,3202,1.02825,1.004166666666667
2014,2,03.1,Beklædning,10519,.98925,.9888333333333333
2014,2,03.2,Fodtøj,2822,1.058916666666667,1.070916666666667
2014,2,04.1,Faktisk husleje,22672,1.0185,1.01825
2014,2,04.2,Beregnet lejeværdi af bolig,40513,1.018416666666667,1.018916666666667
2014,2,04.3,Vedligeholdelse og reparation af bolig,5099,1.008,1.0175
2014,2,04.4,Vandforsyning og andre tjenester i forbindelse med boligen,9150,.996,.9965000000000001
2014,2,04.5,"Elektricitet, gas og andet brændsel",26514,1.012166666666667,.9395833333333333
2014,2,05.1,"Møbler og boligudstyr, tæpper og anden gulvbelægning",6210,.9866666666666667,1.021833333333333
2014,2,05.2,Boligtekstiler,1233,.99275,1.008666666666667
2014,2,05.3,Husholdningsapparater og reparation heraf,1720,.987,.9811666666666666
2014,2,05.4,"Glas, service og husholdningsredskaber",1836,.9951666666666666,1.009083333333333
2014,2,05.5,Værktøj og udstyr til hus og have,1577,1.00375,1.003
2014,2,05.6,Andre varer og tjenester til husholdningen,4213,1.007166666666667,1.002916666666667
2014,2,06.1,"Medicinske produkter, apparater og medicinsk udstyr",4096,1.013333333333333,.9989166666666667
2014,2,06.2,Ambulant behandling,4003,1.0295,1.01775
2014,2,06.3,Hospitalstjenester,0,1.031583333333333,1.001916666666667
2014,2,07.1,Køb af køretøjer,14440,.9900833333333333,1.000916666666667
2014,2,07.2,Drift af personlige transportmidler,25575,.9929166666666667,.9723333333333334
2014,2,07.3,Transporttjenester,5000,.9924166666666666,1.017
2014,2,08.1,Posttjenester,194,1.096,1.082
2014,2,08.2,Telefon- og telefaxudstyr,1522,.896,.9666666666666667
2014,2,08.3,Teletjenester,6267,.99125,.9530833333333333
2014,2,09.1,Audiovisuelt og fotografisk udstyr og dataudstyr,4243,.92375,.9530833333333333
2014,2,09.2,Andre større varige forbrugsgoder til fritids- og kulturaktiviteter,1634,1.046916666666667,1.01075
2014,2,09.3,"Andet tilbehør og udstyr til fritid, haver og kæledyr",8104,.99075,.993
2014,2,09.4,Fritids- og kulturtjenester,9480,1.02725,1.014583333333333
2014,2,09.5,"Aviser, bøger og papirvarer",2836,1.02975,1.107333333333333
2014,2,09.6,Pakkerejser,4820,.9899166666666667,1.014666666666667
2014,2,10.,Uddannelse,1481,1.028416666666667,1.034166666666667
2014,2,11.1,"Restauranter, cafeer og kantiner mv.",10611,1.016166666666667,1.011833333333333
2014,2,11.2,Overnatningsfaciliteter,2688,.99075,.9954166666666666
2014,2,12.1,Personlig pleje,5838,.99825,1.003166666666667
2014,2,12.3,Andre personlige effekter,1334,1.010333333333333,1.007916666666667
2014,2,12.4,Daginstitutioner og social forsorg,2431,1.013083333333333,1.003416666666667
2014,2,12.5,Forsikring,15943,1.05575,1.021
2014,2,12.6,Finansielle tjenester,2941,1.0385,1.072666666666667
2014,2,12.7,Andre tjenester,736,1.01925,1.023166666666667
2014,3,01.1,Fødevarer,31403,.9985000000000001,1.011916666666667
2014,3,01.2,Ikke-alkoholiske drikkevarer,2834,.9394166666666667,.9941666666666666
2014,3,02.1,Alkoholiske drikkevarer,3516,.988,1.001
2014,3,02.2,Tobak,2557,1.028166666666667,1.004
2014,3,03.1,Beklædning,9968,.9901666666666666,.9895
2014,3,03.2,Fodtøj,2513,1.057583333333333,1.07025
2014,3,04.1,Faktisk husleje,24262,1.016416666666667,1.0195
2014,3,04.2,Beregnet lejeværdi af bolig,30387,1.018416666666667,1.018916666666667
2014,3,04.3,Vedligeholdelse og reparation af bolig,3184,1.013833333333333,1.018416666666667
2014,3,04.4,Vandforsyning og andre tjenester i forbindelse med boligen,7998,.99625,.9965000000000001
2014,3,04.5,"Elektricitet, gas og andet brændsel",22897,1.0105,.9386666666666666
2014,3,05.1,"Møbler og boligudstyr, tæpper og anden gulvbelægning",6770,.9766666666666667,1.013916666666667
2014,3,05.2,Boligtekstiler,824,.99325,1.010333333333333
2014,3,05.3,Husholdningsapparater og reparation heraf,2121,.9865,.9919166666666667
2014,3,05.4,"Glas, service og husholdningsredskaber",1930,.9940833333333333,1.005666666666667
2014,3,05.5,Værktøj og udstyr til hus og have,1624,1.0015,1.003833333333333
2014,3,05.6,Andre varer og tjenester til husholdningen,3319,1.006416666666667,1.003
2014,3,06.1,"Medicinske produkter, apparater og medicinsk udstyr",3623,1.010916666666667,1.000166666666667
2014,3,06.2,Ambulant behandling,3639,1.0295,1.01775
2014,3,06.3,Hospitalstjenester,166,1.031583333333333,1.001916666666667
2014,3,07.1,Køb af køretøjer,14525,.99025,1.001833333333333
2014,3,07.2,Drift af personlige transportmidler,23112,.9944166666666666,.9793333333333334
2014,3,07.3,Transporttjenester,3679,.9795,1.016
2014,3,08.1,Posttjenester,123,1.096,1.082
2014,3,08.2,Telefon- og telefaxudstyr,1663,.89625,.9664166666666667
2014,3,08.3,Teletjenester,6213,.9905833333333334,.9438333333333333
2014,3,09.1,Audiovisuelt og fotografisk udstyr og dataudstyr,3700,.9359999999999999,.9662500000000001
2014,3,09.2,Andre større varige forbrugsgoder til fritids- og kulturaktiviteter,1052,.9844166666666667,1.011083333333333
2014,3,09.3,"Andet tilbehør og udstyr til fritid, haver og kæledyr",7050,.9884166666666667,.9904166666666667
2014,3,09.4,Fritids- og kulturtjenester,9219,1.027,1.01175
2014,3,09.5,"Aviser, bøger og papirvarer",2488,1.0265,1.115166666666667
2014,3,09.6,Pakkerejser,4079,.9899166666666667,1.014666666666667
2014,3,10.,Uddannelse,1229,1.031,1.03075
2014,3,11.1,"Restauranter, cafeer og kantiner mv.",10537,1.014583333333333,1.010833333333333
2014,3,11.2,Overnatningsfaciliteter,4053,.9896666666666667,.99625
2014,3,12.1,Personlig pleje,5333,.9995000000000001,1.003583333333333
2014,3,12.3,Andre personlige effekter,1376,.9855833333333334,.9963333333333333
2014,3,12.4,Daginstitutioner og social forsorg,3619,1.002083333333333,.9938333333333333
2014,3,12.5,Forsikring,15430,1.05225,1.02075
2014,3,12.6,Finansielle tjenester,629,1.03975,1.063833333333333
2014,3,12.7,Andre tjenester,335,1.01925,1.023166666666667
2014,4,01.1,Fødevarer,30375,.9973333333333333,1.012416666666667
2014,4,01.2,Ikke-alkoholiske drikkevarer,2703,.9421666666666667,.9945000000000001
2014,4,02.1,Alkoholiske drikkevarer,3892,.9896666666666667,1.00325
2014,4,02.2,Tobak,1949,1.028166666666667,1.004166666666667
2014,4,03.1,Beklædning,8983,.9896666666666667,.9885
2014,4,03.2,Fodtøj,2201,1.05725,1.07325
2014,4,04.1,Faktisk husleje,21737,1.017583333333333,1.018583333333333
2014,4,04.2,Beregnet lejeværdi af bolig,36453,1.018416666666667,1.018916666666667
2014,4,04.3,Vedligeholdelse og reparation af bolig,3216,1.007916666666667,1.021
2014,4,04.4,Vandforsyning og andre tjenester i forbindelse med boligen,8365,.9956666666666667,.9955000000000001
2014,4,04.5,"Elektricitet, gas og andet brændsel",24046,1.00975,.9514166666666667
2014,4,05.1,"Møbler og boligudstyr, tæpper og anden gulvbelægning",4286,.9870833333333333,1.019916666666667
2014,4,05.2,Boligtekstiler,1012,.9925,1.007583333333333
2014,4,05.3,Husholdningsapparater og reparation heraf,2073,.98325,.9984166666666666
2014,4,05.4,"Glas, service og husholdningsredskaber",2344,.9926666666666667,1.011333333333333
2014,4,05.5,Værktøj og udstyr til hus og have,1874,1.006,1.0005
2014,4,05.6,Andre varer og tjenester til husholdningen,2812,1.006583333333333,1.001416666666667
2014,4,06.1,"Medicinske produkter, apparater og medicinsk udstyr",2315,1.010583333333333,.9843333333333333
2014,4,06.2,Ambulant behandling,2973,1.027916666666667,1.01775
2014,4,06.3,Hospitalstjenester,93,1.031583333333333,1.001916666666667
2014,4,07.1,Køb af køretøjer,15235,.99,1.001166666666667
2014,4,07.2,Drift af personlige transportmidler,21345,.9913333333333333,.9716666666666667
2014,4,07.3,Transporttjenester,4070,.9805,1.01625
2014,4,08.1,Posttjenester,163,1.096,1.082
2014,4,08.2,Telefon- og telefaxudstyr,1622,.8969166666666667,.9666666666666667
2014,4,08.3,Teletjenester,6160,.9906666666666667,.945
2014,4,09.1,Audiovisuelt og fotografisk udstyr og dataudstyr,4575,.9319166666666667,.9601666666666666
2014,4,09.2,Andre større varige forbrugsgoder til fritids- og kulturaktiviteter,43,1.015833333333333,1.019
2014,4,09.3,"Andet tilbehør og udstyr til fritid, haver og kæledyr",5564,.986,.9910833333333333
2014,4,09.4,Fritids- og kulturtjenester,9151,1.02775,1.010833333333333
2014,4,09.5,"Aviser, bøger og papirvarer",2566,1.027166666666667,1.116583333333333
2014,4,09.6,Pakkerejser,5550,.9899166666666667,1.014666666666667
2014,4,10.,Uddanelse,1914,1.027583333333333,1.025583333333333
2014,4,11.1,"Restauranter, cafeer og kantiner mv.",10636,1.0155,1.010333333333333
2014,4,11.2,Overnatningsfaciliteter,5289,.9914166666666667,.99525
2014,4,12.1,Personlig pleje,5475,1.003166666666667,1.003
2014,4,12.3,Andre personlige effekter,1304,1.002333333333333,1.0045
2014,4,12.4,Daginstitutioner og social forsorg,3011,1.00225,.9934166666666666
2014,4,12.5,Forsikring,15275,1.05475,1.02025
2014,4,12.6,Finansielle tjenester,699,1.044833333333333,1.05775
2014,4,12.7,Andre tjenester,522,1.017833333333333,1.022
2014,5,01.1,Fødevarer,29634,.9979166666666667,1.0135
2014,5,01.2,Ikke-alkoholiske drikkevarer,2733,.9420833333333334,.9931666666666666
2014,5,02.1,Alkoholiske drikkevarer,3280,.99275,1.004916666666667
2014,5,02.2,Tobak,2875,1.028333333333333,1.00325
2014,5,03.1,Beklædning,10327,.9906666666666667,.9865
2014,5,03.2,Fodtøj,2505,1.0505,1.063333333333333
2014,5,04.1,Faktisk husleje,19463,1.01825,1.021833333333333
2014,5,04.2,Beregnet lejeværdi af bolig,31479,1.018416666666667,1.018916666666667
2014,5,04.3,Vedligeholdelse og reparation af bolig,4529,1.012166666666667,1.0155
2014,5,04.4,Vandforsyning og andre tjenester i forbindelse med boligen,7596,.99575,.99725
2014,5,04.5,"Elektricitet, gas og andet brændsel",23515,1.007,.94325
2014,5,05.1,"Møbler og boligudstyr, tæpper og anden gulvbelægning",7405,.9911666666666666,1.0255
2014,5,05.2,Boligtekstiler,1541,.98925,1.006
2014,5,05.3,Husholdningsapparater og reparation heraf,3097,.9810833333333333,.9951666666666666
2014,5,05.4,"Glas, service og husholdningsredskaber",2018,.9913333333333333,.9980833333333333
2014,5,05.5,Værktøj og udstyr til hus og have,1986,1.007583333333333,.9991666666666666
2014,5,05.6,Andre varer og tjenester til husholdningen,2712,1.003333333333333,1.00375
2014,5,06.1,"Medicinske produkter, apparater og medicinsk udstyr",4041,1.011833333333333,.9989166666666667
2014,5,06.2,Ambulant behandling,3589,1.029666666666667,1.01725
2014,5,06.3,Hospitalstjenester,0,1.031583333333333,1.001916666666667
2014,5,07.1,Køb af køretøjer,17102,.9904166666666666,.9991666666666666
2014,5,07.2,Drift af personlige transportmidler,22825,.9991666666666666,.99025
2014,5,07.3,Transporttjenester,2367,.9834166666666667,1.02325
2014,5,08.1,Posttjenester,169,1.096,1.082
2014,5,08.2,Telefon- og telefaxudstyr,1118,.8965,.9663333333333334
2014,5,08.3,Teletjenester,5971,.9926666666666667,.9493333333333334
2014,5,09.1,Audiovisuelt og fotografisk udstyr og dataudstyr,3709,.93275,.9601666666666666
2014,5,09.2,Andre større varige forbrugsgoder til fritids- og kulturaktiviteter,155,1.017333333333333,1.015916666666667
2014,5,09.3,"Andet tilbehør og udstyr til fritid, haver og kæledyr",7274,.98825,.9919166666666667
2014,5,09.4,Fritids- og kulturtjenester,9343,1.0255,1.007083333333333
2014,5,09.5,"Aviser, bøger og papirvarer",2890,1.021416666666667,1.134166666666667
2014,5,09.6,Pakkerejser,5338,.9899166666666667,1.014666666666667
2014,5,10.,Uddannelse,810,1.030083333333333,1.02825
2014,5,11.1,"Restauranter, cafeer og kantiner mv.",11980,1.016,1.011166666666667
2014,5,11.2,Overnatningsfaciliteter,2056,.99,.9955833333333334
2014,5,12.1,Personlig pleje,5352,1.00075,1.005333333333333
2014,5,12.3,Andre personlige effekter,1165,1.009416666666667,1.0065
2014,5,12.4,Daginstitutioner og social forsorg,3082,.9965833333333334,.9845833333333334
2014,5,12.5,Forsikring,16167,1.05475,1.02025
2014,5,12.6,Finansielle tjenester,727,1.038,1.061333333333333
2014,5,12.7,Andre tjenester,415,1.018,1.02225
2015,1,01.1,Fødevarer,36921,1.012916666666667,1.00475
2015,1,01.2,Ikke-alkoholiske drikkevarer,3600,.9975000000000001,.9636666666666667
2015,1,02.1,Alkoholiske drikkevarer,5943,.9933333333333333,1.00525
2015,1,02.2,Tobak,2109,1.00675,1.005166666666667
2015,1,03.1,Beklædning,10665,.9966666666666667,.9594166666666667
2015,1,03.2,Fodtøj,3190,1.070416666666667,1.036416666666667
2015,1,04.1,Faktisk husleje,31719,1.018166666666667,1.0165
2015,1,04.2,Beregnet lejeværdi af bolig,46563,1.018916666666667,1.017166666666667
2015,1,04.3,Vedligeholdelse og reparation af bolig,4106,1.016583333333333,1.014833333333333
2015,1,04.4,Vandforsyning og andre tjenester i forbindelse med boligen,10407,.999,1.0075
2015,1,04.5,"Elektricitet, gas og andet brændsel",23302,.9431666666666667,.97925
2015,1,05.1,"Møbler og boligudstyr, tæpper og anden gulvbelægning",7192,1.026416666666667,.985
2015,1,05.2,Boligtekstiler,1656,1.013083333333333,1.012666666666667
2015,1,05.3,Husholdningsapparater og reparation heraf,1983,.9931666666666666,1.0215
2015,1,05.4,"Glas, service og husholdningsredskaber",2259,1.015666666666667,1.009
2015,1,05.5,Værktøj og udstyr til hus og have,1310,1.0065,1.007916666666667
2015,1,05.6,Andre varer og tjenester til husholdningen,3524,1.003583333333333,1.000416666666667
2015,1,06.1,"Medicinske produkter, apparater og medicinsk udstyr",3050,.9966666666666667,.979
2015,1,06.2,Ambulant behandling,4865,1.017,1.0125
2015,1,06.3,Hospitalstjenester,0,1.001916666666667,.9865
2015,1,07.1,Køb af køretøjer,11413,.9994999999999999,.9795
2015,1,07.2,Drift af personlige transportmidler,20073,.9759166666666667,.988
2015,1,07.3,Transporttjenester,7848,1.01175,.99375
2015,1,08.1,Posttjenester,119,1.082,1.6805
2015,1,08.2,Telefon- og telefaxudstyr,1606,.9673333333333334,.9265833333333333
2015,1,08.3,Teletjenester,6164,.958,.9161666666666667
2015,1,09.1,Audiovisuelt og fotografisk udstyr og dataudstyr,4447,.9459166666666666,.9256666666666666
2015,1,09.2,Andre større varige forbrugsgoder til fritids- og kulturaktiviteter,471,1.010916666666667,1.00725
2015,1,09.3,"Andet tilbehør og udstyr til fritid, haver og kæledyr",5803,.9808333333333333,1.007916666666667
2015,1,09.4,Fritids- og kulturtjenester,13006,1.018083333333333,1.0265
2015,1,09.5,"Aviser, bøger og papirvarer",2917,1.128916666666667,1.084916666666667
2015,1,09.6,Pakkerejser,6231,1.014666666666667,1.012666666666667
2015,1,10.,Uddannelse,1438,1.040916666666667,1.025916666666667
2015,1,11.1,"Restauranter, cafeer og kantiner mv.",17797,1.011583333333333,1.01475
2015,1,11.2,Overnatningsfaciliteter,4374,.9943333333333333,1.0955
2015,1,12.1,Personlig pleje,7046,1.000416666666667,.98825
2015,1,12.3,Andre personlige effekter,2250,1.011166666666667,.9796666666666667
2015,1,12.4,Daginstitutioner og social forsorg,4499,1.01025,1.027
2015,1,12.5,Forsikring,16228,1.02275,1.0305
2015,1,12.6,Finansielle tjenester,1692,1.067583333333333,1.041
2015,1,12.7,Andre tjenester,703,1.024666666666667,1.03125
2015,2,01.1,Fødevarer,34405,1.011083333333333,1.0055
2015,2,01.2,Ikke-alkoholiske drikkevarer,3318,.9923333333333333,.964
2015,2,02.1,Alkoholiske drikkevarer,4856,.9984166666666666,1.001
2015,2,02.2,Tobak,2995,1.004166666666667,1.002833333333333
2015,2,03.1,Beklædning,11015,.9888333333333333,.9632500000000001
2015,2,03.2,Fodtøj,2624,1.070916666666667,1.036583333333333
2015,2,04.1,Faktisk husleje,22785,1.01825,1.0155
2015,2,04.2,Beregnet lejeværdi af bolig,38475,1.018916666666667,1.017166666666667
2015,2,04.3,Vedligeholdelse og reparation af bolig,4540,1.0175,1.017916666666667
2015,2,04.4,Vandforsyning og andre tjenester i forbindelse med boligen,9119,.9965000000000001,1.00975
2015,2,04.5,"Elektricitet, gas og andet brændsel",22385,.9395833333333333,.9795
2015,2,05.1,"Møbler og boligudstyr, tæpper og anden gulvbelægning",8178,1.021833333333333,.9938333333333333
2015,2,05.2,Boligtekstiler,1390,1.008666666666667,1.006583333333333
2015,2,05.3,Husholdningsapparater og reparation heraf,1544,.9811666666666666,.9821666666666666
2015,2,05.4,"Glas, service og husholdningsredskaber",2120,1.009083333333333,1.006
2015,2,05.5,Værktøj og udstyr til hus og have,1814,1.003,1.008833333333333
2015,2,05.6,Andre varer og tjenester til husholdningen,3504,1.002916666666667,1.001083333333333
2015,2,06.1,"Medicinske produkter, apparater og medicinsk udstyr",4040,.9989166666666667,.9855833333333334
2015,2,06.2,Ambulant behandling,3673,1.01775,1.013
2015,2,06.3,Hospitalstjenester,0,1.001916666666667,.9865
2015,2,07.1,Køb af køretøjer,21874,1.000916666666667,.988
2015,2,07.2,Drift af personlige transportmidler,23934,.9723333333333334,.9818333333333333
2015,2,07.3,Transporttjenester,3958,1.017,.9886666666666667
2015,2,08.1,Posttjenester,125,1.082,1.6805
2015,2,08.2,Telefon- og telefaxudstyr,1708,.9666666666666667,.9265
2015,2,08.3,Teletjenester,6326,.9530833333333333,.92125
2015,2,09.1,Audiovisuelt og fotografisk udstyr og dataudstyr,3065,.9530833333333333,.9293333333333333
2015,2,09.2,Andre større varige forbrugsgoder til fritids- og kulturaktiviteter,1381,1.01075,1.00225
2015,2,09.3,"Andet tilbehør og udstyr til fritid, haver og kæledyr",8016,.993,1.01275
2015,2,09.4,Fritids- og kulturtjenester,10286,1.014583333333333,1.025166666666667
2015,2,09.5,"Aviser, bøger og papirvarer",2626,1.107333333333333,1.064083333333333
2015,2,09.6,Pakkerejser,6880,1.014666666666667,1.012666666666667
2015,2,10.,Uddannelse,1066,1.034166666666667,1.027666666666667
2015,2,11.1,"Restauranter, cafeer og kantiner mv.",10757,1.011833333333333,1.014
2015,2,11.2,Overnatningsfaciliteter,2121,.9954166666666666,1.192
2015,2,12.1,Personlig pleje,6419,1.003166666666667,.994
2015,2,12.3,Andre personlige effekter,1455,1.007916666666667,.9809166666666667
2015,2,12.4,Daginstitutioner og social forsorg,2630,1.003416666666667,1.021166666666667
2015,2,12.5,Forsikring,19672,1.021,1.02875
2015,2,12.6,Finansielle tjenester,911,1.072666666666667,1.043333333333333
2015,2,12.7,Andre tjenester,886,1.023166666666667,1.016166666666667
2015,3,01.1,Fødevarer,32590,1.011916666666667,1.005583333333333
2015,3,01.2,Ikke-alkoholiske drikkevarer,3135,.9941666666666666,.9635833333333333
2015,3,02.1,Alkoholiske drikkevarer,3463,1.001,1.00125
2015,3,02.2,Tobak,2603,1.004,1.003833333333333
2015,3,03.1,Beklædning,9451,.9895,.9569166666666666
2015,3,03.2,Fodtøj,2459,1.07025,1.032166666666667
2015,3,04.1,Faktisk husleje,23320,1.0195,1.011666666666667
2015,3,04.2,Beregnet lejeværdi af bolig,29082,1.018916666666667,1.017166666666667
2015,3,04.3,Vedligeholdelse og reparation af bolig,3571,1.018416666666667,1.017
2015,3,04.4,Vandforsyning og andre tjenester i forbindelse med boligen,7784,.9965000000000001,1.01225
2015,3,04.5,"Elektricitet, gas og andet brændsel",20550,.9386666666666666,.9759166666666667
2015,3,05.1,"Møbler og boligudstyr, tæpper og anden gulvbelægning",7578,1.013916666666667,.9939166666666667
2015,3,05.2,Boligtekstiler,1440,1.010333333333333,1.015333333333333
2015,3,05.3,Husholdningsapparater og reparation heraf,2107,.9919166666666667,1.0105
2015,3,05.4,"Glas, service og husholdningsredskaber",2231,1.005666666666667,.99975
2015,3,05.5,Værktøj og udstyr til hus og have,1634,1.003833333333333,1.0095
2015,3,05.6,Andre varer og tjenester til husholdningen,3401,1.003,1.00025
2015,3,06.1,"Medicinske produkter, apparater og medicinsk udstyr",4122,1.000166666666667,.991
2015,3,06.2,Ambulant behandling,3608,1.01775,1.0125
2015,3,06.3,Hospitalstjenester,93,1.001916666666667,.9865
2015,3,07.1,Køb af køretøjer,21137,1.001833333333333,.9890833333333333
2015,3,07.2,Drift af personlige transportmidler,23488,.9793333333333334,.9845
2015,3,07.3,Transporttjenester,3643,1.016,.9880833333333333
2015,3,08.1,Posttjenester,69,1.082,1.6805
2015,3,08.2,Telefon- og telefaxudstyr,1416,.9664166666666667,.9266666666666666
2015,3,08.3,Teletjenester,5646,.9438333333333333,.9145833333333333
2015,3,09.1,Audiovisuelt og fotografisk udstyr og dataudstyr,3230,.9662500000000001,.9485833333333333
2015,3,09.2,Andre større varige forbrugsgoder til fritids- og kulturaktiviteter,793,1.011083333333333,1.019333333333333
2015,3,09.3,"Andet tilbehør og udstyr til fritid, haver og kæledyr",6493,.9904166666666667,1.01375
2015,3,09.4,Fritids- og kulturtjenester,10157,1.01175,1.022833333333333
2015,3,09.5,"Aviser, bøger og papirvarer",2657,1.115166666666667,1.070333333333333
2015,3,09.6,Pakkerejser,3837,1.014666666666667,1.012666666666667
2015,3,10.,Uddannelse,1846,1.03075,1.027
2015,3,11.1,"Restauranter, cafeer og kantiner mv.",11283,1.010833333333333,1.01325
2015,3,11.2,Overnatningsfaciliteter,2854,.99625,1.116
2015,3,12.1,Personlig pleje,6226,1.003583333333333,.9911666666666666
2015,3,12.3,Andre personlige effekter,1757,.9963333333333333,.9711666666666666
2015,3,12.4,Daginstitutioner og social forsorg,2998,.9938333333333333,1.01875
2015,3,12.5,Forsikring,19635,1.02075,1.027
2015,3,12.6,Finansielle tjenester,614,1.063833333333333,1.03875
2015,3,12.7,Andre tjenester,696,1.023166666666667,1.015083333333333
2015,4,01.1,Fødevarer,29769,1.012416666666667,1.005833333333333
2015,4,01.2,Ikke-alkoholiske drikkevarer,2755,.9945000000000001,.9655833333333333
2015,4,02.1,Alkoholiske drikkevarer,3291,1.00325,1.002
2015,4,02.2,Tobak,2482,1.004166666666667,1.00375
2015,4,03.1,Beklædning,7949,.9885,.9604166666666667
2015,4,03.2,Fodtøj,2027,1.07325,1.038083333333333
2015,4,04.1,Faktisk husleje,23993,1.018583333333333,1.013583333333333
2015,4,04.2,Beregnet lejeværdi af bolig,33811,1.018916666666667,1.017166666666667
2015,4,04.3,Vedligeholdelse og reparation af bolig,3764,1.021,1.022416666666667
2015,4,04.4,Vandforsyning og andre tjenester i forbindelse med boligen,8332,.9955000000000001,1.01325
2015,4,04.5,"Elektricitet, gas og andet brændsel",22680,.9514166666666667,.9795
2015,4,05.1,"Møbler og boligudstyr, tæpper og anden gulvbelægning",4355,1.019916666666667,.9948333333333333
2015,4,05.2,Boligtekstiler,1247,1.007583333333333,1.00575
2015,4,05.3,Husholdningsapparater og reparation heraf,1986,.9984166666666666,1.001
2015,4,05.4,"Glas, service og husholdningsredskaber",1369,1.011333333333333,1.004583333333333
2015,4,05.5,Værktøj og udstyr til hus og have,1402,1.0005,1.007666666666667
2015,4,05.6,Andre varer og tjenester til husholdningen,2396,1.001416666666667,.9981666666666666
2015,4,06.1,"Medicinske produkter, apparater og medicinsk udstyr",2634,.9843333333333333,.9710833333333333
2015,4,06.2,Ambulant behandling,2843,1.01775,1.01325
2015,4,06.3,Hospitalstjenester,0,1.001916666666667,.9865
2015,4,07.1,Køb af køretøjer,17982,1.001166666666667,.9884166666666667
2015,4,07.2,Drift af personlige transportmidler,19808,.9716666666666667,.982
2015,4,07.3,Transporttjenester,2995,1.01625,.984
2015,4,08.1,Posttjenester,118,1.082,1.6805
2015,4,08.2,Telefon- og telefaxudstyr,1395,.9666666666666667,.9265833333333333
2015,4,08.3,Teletjenester,6235,.945,.9176666666666666
2015,4,09.1,Audiovisuelt og fotografisk udstyr og dataudstyr,3002,.9601666666666666,.93375
2015,4,09.2,Andre større varige forbrugsgoder til fritids- og kulturaktiviteter,529,1.019,1.02
2015,4,09.3,"Andet tilbehør og udstyr til fritid, haver og kæledyr",5372,.9910833333333333,1.010083333333333
2015,4,09.4,Fritids- og kulturtjenester,9520,1.010833333333333,1.023166666666667
2015,4,09.5,"Aviser, bøger og papirvarer",2408,1.116583333333333,1.0695
2015,4,09.6,Pakkerejser,4619,1.014666666666667,1.012666666666667
2015,4,10.,Uddanelse,1386,1.025583333333333,1.026166666666667
2015,4,11.1,"Restauranter, cafeer og kantiner mv.",8383,1.010333333333333,1.012916666666667
2015,4,11.2,Overnatningsfaciliteter,2743,.99525,1.0955
2015,4,12.1,Personlig pleje,5344,1.003,.9896666666666667
2015,4,12.3,Andre personlige effekter,1530,1.0045,.9774166666666667
2015,4,12.4,Daginstitutioner og social forsorg,3798,.9934166666666666,1.02075
2015,4,12.5,Forsikring,18003,1.02025,1.02375
2015,4,12.6,Finansielle tjenester,875,1.05775,1.037333333333333
2015,4,12.7,Andre tjenester,509,1.022,1.023333333333333
2015,5,01.1,Fødevarer,30761,1.0135,1.007416666666667
2015,5,01.2,Ikke-alkoholiske drikkevarer,3052,.9931666666666666,.9653333333333334
2015,5,02.1,Alkoholiske drikkevarer,3626,1.004916666666667,1.001666666666667
2015,5,02.2,Tobak,3644,1.00325,1.000916666666667
2015,5,03.1,Beklædning,10872,.9865,.96175
2015,5,03.2,Fodtøj,2255,1.063333333333333,1.034333333333333
2015,5,04.1,Faktisk husleje,20894,1.021833333333333,.9990833333333333
2015,5,04.2,Beregnet lejeværdi af bolig,28529,1.018916666666667,1.017166666666667
2015,5,04.3,Vedligeholdelse og reparation af bolig,5943,1.0155,1.017583333333333
2015,5,04.4,Vandforsyning og andre tjenester i forbindelse med boligen,7969,.99725,1.0165
2015,5,04.5,"Elektricitet, gas og andet brændsel",21991,.94325,.97575
2015,5,05.1,"Møbler og boligudstyr, tæpper og anden gulvbelægning",8957,1.0255,.9950833333333333
2015,5,05.2,Boligtekstiler,1807,1.006,1.004833333333333
2015,5,05.3,Husholdningsapparater og reparation heraf,2170,.9951666666666666,.9926666666666667
2015,5,05.4,"Glas, service og husholdningsredskaber",2199,.9980833333333333,.9945833333333334
2015,5,05.5,Værktøj og udstyr til hus og have,1637,.9991666666666666,1.007166666666667
2015,5,05.6,Andre varer og tjenester til husholdningen,2848,1.00375,1.002833333333333
2015,5,06.1,"Medicinske produkter, apparater og medicinsk udstyr",4012,.9989166666666667,.9853333333333333
2015,5,06.2,Ambulant behandling,3427,1.01725,1.012
2015,5,06.3,Hospitalstjenester,1,1.001916666666667,.9865
2015,5,07.1,Køb af køretøjer,18958,.9991666666666666,.9835
2015,5,07.2,Drift af personlige transportmidler,21743,.99025,.988
2015,5,07.3,Transporttjenester,3399,1.02325,.97875
2015,5,08.1,Posttjenester,135,1.082,1.6805
2015,5,08.2,Telefon- og telefaxudstyr,1742,.9663333333333334,.92675
2015,5,08.3,Teletjenester,5645,.9493333333333334,.92725
2015,5,09.1,Audiovisuelt og fotografisk udstyr og dataudstyr,3473,.9601666666666666,.9359166666666667
2015,5,09.2,Andre større varige forbrugsgoder til fritids- og kulturaktiviteter,1890,1.015916666666667,1.018583333333333
2015,5,09.3,"Andet tilbehør og udstyr til fritid, haver og kæledyr",8173,.9919166666666667,1.012
2015,5,09.4,Fritids- og kulturtjenester,10726,1.007083333333333,1.021333333333333
2015,5,09.5,"Aviser, bøger og papirvarer",2499,1.134166666666667,1.083166666666667
2015,5,09.6,Pakkerejser,5812,1.014666666666667,1.012666666666667
2015,5,10.,Uddannelse,1062,1.02825,1.027333333333333
2015,5,11.1,"Restauranter, cafeer og kantiner mv.",10827,1.011166666666667,1.01325
2015,5,11.2,Overnatningsfaciliteter,1817,.9955833333333334,1.106333333333333
2015,5,12.1,Personlig pleje,5920,1.005333333333333,.9954166666666666
2015,5,12.3,Andre personlige effekter,2418,1.0065,.9788333333333333
2015,5,12.4,Daginstitutioner og social forsorg,2852,.9845833333333334,1.01975
2015,5,12.5,Forsikring,19929,1.02025,1.0255
2015,5,12.6,Finansielle tjenester,1007,1.061333333333333,1.036583333333333
2015,5,12.7,Andre tjenester,375,1.02225,1.018583333333333
2016,1,01.1,Fødevarer,36085,1.00475,1.029666666666667
2016,1,01.2,Ikke-alkoholiske drikkevarer,3374,.9636666666666667,1.031166666666667
2016,1,02.1,Alkoholiske drikkevarer,5542,1.00525,1.009083333333333
2016,1,02.2,Tobak,1918,1.005166666666667,1.003
2016,1,03.1,Beklædning,10680,.9594166666666667,.9839166666666667
2016,1,03.2,Fodtøj,2284,1.036416666666667,1.015166666666667
2016,1,04.1,Faktisk husleje,31452,1.0165,1.016166666666667
2016,1,04.2,Beregnet lejeværdi af bolig,46395,1.017166666666667,1.016083333333333
2016,1,04.3,Vedligeholdelse og reparation af bolig,4827,1.014833333333333,1.002083333333333
2016,1,04.4,Vandforsyning og andre tjenester i forbindelse med boligen,10316,1.0075,1.0165
2016,1,04.5,"Elektricitet, gas og andet brændsel",20619,.97925,.9911666666666666
2016,1,05.1,"Møbler og boligudstyr, tæpper og anden gulvbelægning",6286,.985,.9896666666666667
2016,1,05.2,Boligtekstiler,1201,1.012666666666667,.9561666666666667
2016,1,05.3,Husholdningsapparater og reparation heraf,2438,1.0215,1.0495
2016,1,05.4,"Glas, service og husholdningsredskaber",1540,1.009,.9815
2016,1,05.5,Værktøj og udstyr til hus og have,1370,1.007916666666667,.9895
2016,1,05.6,Andre varer og tjenester til husholdningen,3467,1.000416666666667,.992
2016,1,06.1,"Medicinske produkter, apparater og medicinsk udstyr",3186,.979,.9995833333333334
2016,1,06.2,Ambulant behandling,5354,1.0125,1.0205
2016,1,06.3,Hospitalstjenester,0,.9865,.9965000000000001
2016,1,07.1,Køb af køretøjer,13532,.9795,.9870833333333333
2016,1,07.2,Drift af personlige transportmidler,18834,.988,1.034083333333333
2016,1,07.3,Transporttjenester,7578,.99375,1.017833333333333
2016,1,08.1,Posttjenester,211,1.6805,1.0905
2016,1,08.2,Telefon- og telefaxudstyr,1576,.9265833333333333,.9555833333333333
2016,1,08.3,Teletjenester,6802,.9161666666666667,.92625
2016,1,09.1,Audiovisuelt og fotografisk udstyr og dataudstyr,4449,.9256666666666666,.94625
2016,1,09.2,Andre større varige forbrugsgoder til fritids- og kulturaktiviteter,759,1.00725,1.0025
2016,1,09.3,"Andet tilbehør og udstyr til fritid, haver og kæledyr",5347,1.007916666666667,1.00575
2016,1,09.4,Fritids- og kulturtjenester,11184,1.0265,1.04175
2016,1,09.5,"Aviser, bøger og papirvarer",2711,1.084916666666667,1.009
2016,1,09.6,Pakkerejser,7090,1.012666666666667,1.037833333333333
2016,1,10.,Uddannelse,2308,1.025916666666667,1.02725
2016,1,11.1,"Restauranter, cafeer og kantiner mv.",19307,1.01475,1.015916666666667
2016,1,11.2,Overnatningsfaciliteter,4851,1.0955,1.00925
2016,1,12.1,Personlig pleje,6636,.98825,.9848333333333333
2016,1,12.3,Andre personlige effekter,1558,.9796666666666667,.9695833333333334
2016,1,12.4,Daginstitutioner og social forsorg,4656,1.027,1.009
2016,1,12.5,Forsikring,14405,1.0305,1.00125
2016,1,12.6,Finansielle tjenester,1344,1.041,1.03325
2016,1,12.7,Andre tjenester,605,1.03125,1.062916666666667
2016,2,01.1,Fødevarer,35119,1.0055,1.028666666666667
2016,2,01.2,Ikke-alkoholiske drikkevarer,2969,.964,1.031
2016,2,02.1,Alkoholiske drikkevarer,4497,1.001,1.008416666666667
2016,2,02.2,Tobak,2475,1.002833333333333,1.001833333333333
2016,2,03.1,Beklædning,9921,.9632500000000001,.9855
2016,2,03.2,Fodtøj,3126,1.036583333333333,1.02525
2016,2,04.1,Faktisk husleje,23175,1.0155,1.016083333333333
2016,2,04.2,Beregnet lejeværdi af bolig,38502,1.017166666666667,1.016083333333333
2016,2,04.3,Vedligeholdelse og reparation af bolig,5190,1.017916666666667,.9988333333333334
2016,2,04.4,Vandforsyning og andre tjenester i forbindelse med boligen,9662,1.00975,1.02575
2016,2,04.5,"Elektricitet, gas og andet brændsel",21345,.9795,.9935833333333334
2016,2,05.1,"Møbler og boligudstyr, tæpper og anden gulvbelægning",7729,.9938333333333333,.986
2016,2,05.2,Boligtekstiler,1370,1.006583333333333,.966
2016,2,05.3,Husholdningsapparater og reparation heraf,2679,.9821666666666666,.9820833333333333
2016,2,05.4,"Glas, service og husholdningsredskaber",2083,1.006,.9655833333333333
2016,2,05.5,Værktøj og udstyr til hus og have,2075,1.008833333333333,.9886666666666667
2016,2,05.6,Andre varer og tjenester til husholdningen,3472,1.001083333333333,.9955833333333334
2016,2,06.1,"Medicinske produkter, apparater og medicinsk udstyr",5967,.9855833333333334,.9935833333333334
2016,2,06.2,Ambulant behandling,3870,1.013,1.02025
2016,2,06.3,Hospitalstjenester,0,.9865,.9965000000000001
2016,2,07.1,Køb af køretøjer,25763,.988,.9834166666666667
2016,2,07.2,Drift af personlige transportmidler,22606,.9818333333333333,1.035166666666667
2016,2,07.3,Transporttjenester,3578,.9886666666666667,1.038
2016,2,08.1,Posttjenester,230,1.6805,1.0905
2016,2,08.2,Telefon- og telefaxudstyr,1595,.9265,.95475
2016,2,08.3,Teletjenester,7283,.92125,.9328333333333333
2016,2,09.1,Audiovisuelt og fotografisk udstyr og dataudstyr,3438,.9293333333333333,.9415
2016,2,09.2,Andre større varige forbrugsgoder til fritids- og kulturaktiviteter,1715,1.00225,1.010583333333333
2016,2,09.3,"Andet tilbehør og udstyr til fritid, haver og kæledyr",8572,1.01275,1.007333333333333
2016,2,09.4,Fritids- og kulturtjenester,10034,1.025166666666667,1.038916666666667
2016,2,09.5,"Aviser, bøger og papirvarer",2726,1.064083333333333,1.0125
2016,2,09.6,Pakkerejser,6609,1.012666666666667,1.037833333333333
2016,2,10.,Uddannelse,837,1.027666666666667,1.0305
2016,2,11.1,"Restauranter, cafeer og kantiner mv.",11964,1.014,1.016083333333333
2016,2,11.2,Overnatningsfaciliteter,4013,1.192,1.037
2016,2,12.1,Personlig pleje,7705,.994,.984
2016,2,12.3,Andre personlige effekter,1775,.9809166666666667,.979
2016,2,12.4,Daginstitutioner og social forsorg,3055,1.021166666666667,1.01525
2016,2,12.5,Forsikring,17099,1.02875,1.00275
2016,2,12.6,Finansielle tjenester,709,1.043333333333333,1.041416666666667
2016,2,12.7,Andre tjenester,817,1.016166666666667,1.0295
2016,3,01.1,Fødevarer,31865,1.005583333333333,1.026666666666667
2016,3,01.2,Ikke-alkoholiske drikkevarer,3025,.9635833333333333,1.029666666666667
2016,3,02.1,Alkoholiske drikkevarer,3555,1.00125,1.010333333333333
2016,3,02.2,Tobak,2778,1.003833333333333,1.002666666666667
2016,3,03.1,Beklædning,8402,.9569166666666666,.9823333333333334
2016,3,03.2,Fodtøj,2210,1.032166666666667,1.021916666666667
2016,3,04.1,Faktisk husleje,23834,1.011666666666667,1.016166666666667
2016,3,04.2,Beregnet lejeværdi af bolig,27393,1.017166666666667,1.016083333333333
2016,3,04.3,Vedligeholdelse og reparation af bolig,4391,1.017,.99725
2016,3,04.4,Vandforsyning og andre tjenester i forbindelse med boligen,8189,1.01225,1.03325
2016,3,04.5,"Elektricitet, gas og andet brændsel",19761,.9759166666666667,.9975000000000001
2016,3,05.1,"Møbler og boligudstyr, tæpper og anden gulvbelægning",5114,.9939166666666667,.9918333333333333
2016,3,05.2,Boligtekstiler,1439,1.015333333333333,.9745
2016,3,05.3,Husholdningsapparater og reparation heraf,2599,1.0105,.97925
2016,3,05.4,"Glas, service og husholdningsredskaber",1643,.99975,.9736666666666667
2016,3,05.5,Værktøj og udstyr til hus og have,2022,1.0095,.9965833333333334
2016,3,05.6,Andre varer og tjenester til husholdningen,3182,1.00025,.9916666666666667
2016,3,06.1,"Medicinske produkter, apparater og medicinsk udstyr",3639,.991,.9964166666666666
2016,3,06.2,Ambulant behandling,3976,1.0125,1.0205
2016,3,06.3,Hospitalstjenester,0,.9865,.9965000000000001
2016,3,07.1,Køb af køretøjer,16367,.9890833333333333,.9868333333333333
2016,3,07.2,Drift af personlige transportmidler,22433,.9845,1.034416666666667
2016,3,07.3,Transporttjenester,3181,.9880833333333333,1.036666666666667
2016,3,08.1,Posttjenester,105,1.6805,1.0905
2016,3,08.2,Telefon- og telefaxudstyr,1417,.9266666666666666,.9549166666666666
2016,3,08.3,Teletjenester,6476,.9145833333333333,.929
2016,3,09.1,Audiovisuelt og fotografisk udstyr og dataudstyr,2676,.9485833333333333,.95775
2016,3,09.2,Andre større varige forbrugsgoder til fritids- og kulturaktiviteter,1315,1.019333333333333,1.012
2016,3,09.3,"Andet tilbehør og udstyr til fritid, haver og kæledyr",6547,1.01375,.9986666666666667
2016,3,09.4,Fritids- og kulturtjenester,9671,1.022833333333333,1.036416666666667
2016,3,09.5,"Aviser, bøger og papirvarer",2762,1.070333333333333,1.027666666666667
2016,3,09.6,Pakkerejser,4347,1.012666666666667,1.037833333333333
2016,3,10.,Uddannelse,1395,1.027,1.032583333333333
2016,3,11.1,"Restauranter, cafeer og kantiner mv.",10459,1.01325,1.016
2016,3,11.2,Overnatningsfaciliteter,3405,1.116,1.020833333333333
2016,3,12.1,Personlig pleje,5832,.9911666666666666,.9855833333333334
2016,3,12.3,Andre personlige effekter,1956,.9711666666666666,.9903333333333333
2016,3,12.4,Daginstitutioner og social forsorg,2969,1.01875,1.023666666666667
2016,3,12.5,Forsikring,16092,1.027,1.002
2016,3,12.6,Finansielle tjenester,684,1.03875,1.055
2016,3,12.7,Andre tjenester,550,1.015083333333333,1.024833333333333
2016,4,01.1,Fødevarer,30525,1.005833333333333,1.026666666666667
2016,4,01.2,Ikke-alkoholiske drikkevarer,2652,.9655833333333333,1.03175
2016,4,02.1,Alkoholiske drikkevarer,3691,1.002,1.0095
2016,4,02.2,Tobak,2038,1.00375,1.001833333333333
2016,4,03.1,Beklædning,6388,.9604166666666667,.9849166666666667
2016,4,03.2,Fodtøj,1800,1.038083333333333,1.029833333333333
2016,4,04.1,Faktisk husleje,25933,1.013583333333333,1.017
2016,4,04.2,Beregnet lejeværdi af bolig,33401,1.017166666666667,1.016083333333333
2016,4,04.3,Vedligeholdelse og reparation af bolig,3408,1.022416666666667,.9969166666666667
2016,4,04.4,Vandforsyning og andre tjenester i forbindelse med boligen,8327,1.01325,1.03775
2016,4,04.5,"Elektricitet, gas og andet brændsel",21674,.9795,.9960833333333333
2016,4,05.1,"Møbler og boligudstyr, tæpper og anden gulvbelægning",3558,.9948333333333333,.9875833333333334
2016,4,05.2,Boligtekstiler,1382,1.00575,.9538333333333333
2016,4,05.3,Husholdningsapparater og reparation heraf,1979,1.001,.969
2016,4,05.4,"Glas, service og husholdningsredskaber",1001,1.004583333333333,.9886666666666667
2016,4,05.5,Værktøj og udstyr til hus og have,1530,1.007666666666667,.9964166666666666
2016,4,05.6,Andre varer og tjenester til husholdningen,2021,.9981666666666666,.9895833333333334
2016,4,06.1,"Medicinske produkter, apparater og medicinsk udstyr",2455,.9710833333333333,1.002666666666667
2016,4,06.2,Ambulant behandling,2772,1.01325,1.0205
2016,4,06.3,Hospitalstjenester,0,.9865,.9965000000000001
2016,4,07.1,Køb af køretøjer,11401,.9884166666666667,.987
2016,4,07.2,Drift af personlige transportmidler,17631,.982,1.0335
2016,4,07.3,Transporttjenester,2846,.984,1.021916666666667
2016,4,08.1,Posttjenester,149,1.6805,1.0905
2016,4,08.2,Telefon- og telefaxudstyr,748,.9265833333333333,.9545
2016,4,08.3,Teletjenester,7250,.9176666666666666,.9289166666666666
2016,4,09.1,Audiovisuelt og fotografisk udstyr og dataudstyr,2294,.93375,.9399166666666666
2016,4,09.2,Andre større varige forbrugsgoder til fritids- og kulturaktiviteter,603,1.02,1.014833333333333
2016,4,09.3,"Andet tilbehør og udstyr til fritid, haver og kæledyr",5350,1.010083333333333,.9973333333333333
2016,4,09.4,Fritids- og kulturtjenester,7794,1.023166666666667,1.03925
2016,4,09.5,"Aviser, bøger og papirvarer",2523,1.0695,1.028083333333333
2016,4,09.6,Pakkerejser,3563,1.012666666666667,1.037833333333333
2016,4,10.,Uddanelse,850,1.026166666666667,1.0295
2016,4,11.1,"Restauranter, cafeer og kantiner mv.",7998,1.012916666666667,1.0155
2016,4,11.2,Overnatningsfaciliteter,3635,1.0955,1.043833333333333
2016,4,12.1,Personlig pleje,4416,.9896666666666667,.9804166666666667
2016,4,12.3,Andre personlige effekter,1747,.9774166666666667,.9769166666666667
2016,4,12.4,Daginstitutioner og social forsorg,4378,1.02075,1.020083333333333
2016,4,12.5,Forsikring,13994,1.02375,.99925
2016,4,12.6,Finansielle tjenester,625,1.037333333333333,1.051166666666667
2016,4,12.7,Andre tjenester,620,1.023333333333333,1.044833333333333
2016,5,01.1,Fødevarer,31002,1.007416666666667,1.028
2016,5,01.2,Ikke-alkoholiske drikkevarer,2961,.9653333333333334,1.03025
2016,5,02.1,Alkoholiske drikkevarer,3925,1.001666666666667,1.007583333333333
2016,5,02.2,Tobak,2868,1.000916666666667,1.001
2016,5,03.1,Beklædning,10649,.96175,.9854166666666667
2016,5,03.2,Fodtøj,1796,1.034333333333333,1.029166666666667
2016,5,04.1,Faktisk husleje,22598,.9990833333333333,1.016083333333333
2016,5,04.2,Beregnet lejeværdi af bolig,25441,1.017166666666667,1.016083333333333
2016,5,04.3,Vedligeholdelse og reparation af bolig,6175,1.017583333333333,.9960833333333333
2016,5,04.4,Vandforsyning og andre tjenester i forbindelse med boligen,8706,1.0165,1.03925
2016,5,04.5,"Elektricitet, gas og andet brændsel",20931,.97575,.9994166666666666
2016,5,05.1,"Møbler og boligudstyr, tæpper og anden gulvbelægning",4894,.9950833333333333,.989
2016,5,05.2,Boligtekstiler,1110,1.004833333333333,.95675
2016,5,05.3,Husholdningsapparater og reparation heraf,2764,.9926666666666667,.9785833333333334
2016,5,05.4,"Glas, service og husholdningsredskaber",1497,.9945833333333334,.9763333333333334
2016,5,05.5,Værktøj og udstyr til hus og have,1367,1.007166666666667,.9925833333333334
2016,5,05.6,Andre varer og tjenester til husholdningen,3057,1.002833333333333,1.00225
2016,5,06.1,"Medicinske produkter, apparater og medicinsk udstyr",3842,.9853333333333333,.9958333333333333
2016,5,06.2,Ambulant behandling,4013,1.012,1.02
2016,5,06.3,Hospitalstjenester,0,.9865,.9965000000000001
2016,5,07.1,Køb af køretøjer,15933,.9835,.9864166666666667
2016,5,07.2,Drift af personlige transportmidler,22350,.988,1.03275
2016,5,07.3,Transporttjenester,3070,.97875,1.039166666666667
2016,5,08.1,Posttjenester,207,1.6805,1.0905
2016,5,08.2,Telefon- og telefaxudstyr,1857,.92675,.95525
2016,5,08.3,Teletjenester,6501,.92725,.9343333333333333
2016,5,09.1,Audiovisuelt og fotografisk udstyr og dataudstyr,3361,.9359166666666667,.9405833333333333
2016,5,09.2,Andre større varige forbrugsgoder til fritids- og kulturaktiviteter,4169,1.018583333333333,1.013166666666667
2016,5,09.3,"Andet tilbehør og udstyr til fritid, haver og kæledyr",7802,1.012,.998
2016,5,09.4,Fritids- og kulturtjenester,9475,1.021333333333333,1.03525
2016,5,09.5,"Aviser, bøger og papirvarer",2395,1.083166666666667,1.010083333333333
2016,5,09.6,Pakkerejser,5381,1.012666666666667,1.037833333333333
2016,5,10.,Uddannelse,1094,1.027333333333333,1.033833333333333
2016,5,11.1,"Restauranter, cafeer og kantiner mv.",11565,1.01325,1.015916666666667
2016,5,11.2,Overnatningsfaciliteter,2362,1.106333333333333,1.033583333333333
2016,5,12.1,Personlig pleje,4961,.9954166666666666,.98425
2016,5,12.3,Andre personlige effekter,2898,.9788333333333333,.9771666666666666
2016,5,12.4,Daginstitutioner og social forsorg,1953,1.01975,1.0175
2016,5,12.5,Forsikring,16469,1.0255,.99825
2016,5,12.6,Finansielle tjenester,1000,1.036583333333333,1.048583333333333
2016,5,12.7,Andre tjenester,750,1.018583333333333,1.036833333333333
2017,1,01.1,Fødevarer,36745,1.029666666666667,1.001916666666667
2017,1,01.2,Ikke-alkoholiske drikkevarer,3480,1.031166666666667,1.00975
2017,1,02.1,Alkoholiske drikkevarer,5690,1.009083333333333,1.00825
2017,1,02.2,Tobak,1644,1.003,1.005416666666667
2017,1,03.1,Beklædning,12423,.9839166666666667,.9878333333333333
2017,1,03.2,Fodtøj,2197,1.015166666666667,1.029416666666667
2017,1,04.1,Faktisk husleje,31942,1.016166666666667,1.012333333333333
2017,1,04.2,Beregnet lejeværdi af bolig,48972,1.016083333333333,1.012333333333333
2017,1,04.3,Vedligeholdelse og reparation af bolig,5209,1.002083333333333,1.013833333333333
2017,1,04.4,Vandforsyning og andre tjenester i forbindelse med boligen,9933,1.0165,1.004083333333333
2017,1,04.5,"Elektricitet, gas og andet brændsel",23390,.9911666666666666,1.000583333333333
2017,1,05.1,"Møbler og boligudstyr, tæpper og anden gulvbelægning",7972,.9896666666666667,.9914166666666666
2017,1,05.2,Boligtekstiler,1079,.9561666666666667,.99475
2017,1,05.3,Husholdningsapparater og reparation heraf,2594,1.0495,.9674166666666667
2017,1,05.4,"Glas, service og husholdningsredskaber",1209,.9815,.98225
2017,1,05.5,Værktøj og udstyr til hus og have,1288,.9895,1.018583333333333
2017,1,05.6,Andre varer og tjenester til husholdningen,3740,.992,.9858333333333333
2017,1,06.1,"Medicinske produkter, apparater og medicinsk udstyr",3980,.9995833333333334,.9975833333333334
2017,1,06.2,Ambulant behandling,5583,1.0205,1.022833333333333
2017,1,06.3,Hospitalstjenester,0,.9965000000000001,1.0005
2017,1,07.1,Køb af køretøjer,15538,.9870833333333333,.9838333333333333
2017,1,07.2,Drift af personlige transportmidler,19290,1.034083333333333,1.039666666666667
2017,1,07.3,Transporttjenester,8475,1.017833333333333,1.016583333333333
2017,1,08.1,Posttjenester,159,1.0905,1.04
2017,1,08.2,Telefon- og telefaxudstyr,1522,.9555833333333333,.9370833333333334
2017,1,08.3,Teletjenester,6364,.92625,.9825833333333334
2017,1,09.1,Audiovisuelt og fotografisk udstyr og dataudstyr,3930,.94625,.9319999999999999
2017,1,09.2,Andre større varige forbrugsgoder til fritids- og kulturaktiviteter,782,1.0025,1.049416666666667
2017,1,09.3,"Andet tilbehør og udstyr til fritid, haver og kæledyr",5925,1.00575,.98575
2017,1,09.4,Fritids- og kulturtjenester,11052,1.04175,1.022916666666667
2017,1,09.5,"Aviser, bøger og papirvarer",3082,1.009,1.049333333333333
2017,1,09.6,Pakkerejser,9477,1.037833333333333,1.029833333333333
2017,1,10.,Uddannelse,2510,1.02725,1.026083333333333
2017,1,11.1,"Restauranter, cafeer og kantiner mv.",20519,1.015916666666667,1.015416666666667
2017,1,11.2,Overnatningsfaciliteter,5716,1.00925,1.098916666666667
2017,1,12.1,Personlig pleje,7840,.9848333333333333,.9795833333333334
2017,1,12.3,Andre personlige effekter,1552,.9695833333333334,.9359999999999999
2017,1,12.4,Daginstitutioner og social forsorg,4700,1.009,1.022
2017,1,12.5,Forsikring,13242,1.00125,1.015
2017,1,12.6,Finansielle tjenester,1343,1.03325,1.023166666666667
2017,1,12.7,Andre tjenester,697,1.062916666666667,1.02275
2017,2,01.1,Fødevarer,35889,1.028666666666667,1.001833333333333
2017,2,01.2,Ikke-alkoholiske drikkevarer,3595,1.031,1.00675
2017,2,02.1,Alkoholiske drikkevarer,4560,1.008416666666667,1.013583333333333
2017,2,02.2,Tobak,2186,1.001833333333333,1.005416666666667
2017,2,03.1,Beklædning,11040,.9855,.9871666666666666
2017,2,03.2,Fodtøj,2745,1.02525,1.0265
2017,2,04.1,Faktisk husleje,22859,1.016083333333333,1.012333333333333
2017,2,04.2,Beregnet lejeværdi af bolig,44441,1.016083333333333,1.012333333333333
2017,2,04.3,Vedligeholdelse og reparation af bolig,4398,.9988333333333334,1.016583333333333
2017,2,04.4,Vandforsyning og andre tjenester i forbindelse med boligen,9941,1.02575,1.002
2017,2,04.5,"Elektricitet, gas og andet brændsel",23924,.9935833333333334,1.009666666666667
2017,2,05.1,"Møbler og boligudstyr, tæpper og anden gulvbelægning",6495,.986,.984
2017,2,05.2,Boligtekstiler,1463,.966,1.019
2017,2,05.3,Husholdningsapparater og reparation heraf,2898,.9820833333333333,.9540833333333334
2017,2,05.4,"Glas, service og husholdningsredskaber",2430,.9655833333333333,.9768333333333333
2017,2,05.5,Værktøj og udstyr til hus og have,2111,.9886666666666667,1.017
2017,2,05.6,Andre varer og tjenester til husholdningen,3525,.9955833333333334,.989
2017,2,06.1,"Medicinske produkter, apparater og medicinsk udstyr",5783,.9935833333333334,.992
2017,2,06.2,Ambulant behandling,3825,1.02025,1.022916666666667
2017,2,06.3,Hospitalstjenester,0,.9965000000000001,1.0005
2017,2,07.1,Køb af køretøjer,21182,.9834166666666667,.9895833333333334
2017,2,07.2,Drift af personlige transportmidler,22697,1.035166666666667,1.027166666666667
2017,2,07.3,Transporttjenester,4228,1.038,1.0305
2017,2,08.1,Posttjenester,204,1.0905,1.04
2017,2,08.2,Telefon- og telefaxudstyr,1394,.95475,.9365833333333333
2017,2,08.3,Teletjenester,7037,.9328333333333333,.9846666666666667
2017,2,09.1,Audiovisuelt og fotografisk udstyr og dataudstyr,4333,.9415,.9390833333333334
2017,2,09.2,Andre større varige forbrugsgoder til fritids- og kulturaktiviteter,1863,1.010583333333333,1.010083333333333
2017,2,09.3,"Andet tilbehør og udstyr til fritid, haver og kæledyr",8106,1.007333333333333,.992
2017,2,09.4,Fritids- og kulturtjenester,10053,1.038916666666667,1.022666666666667
2017,2,09.5,"Aviser, bøger og papirvarer",2887,1.0125,1.03575
2017,2,09.6,Pakkerejser,4424,1.037833333333333,1.029833333333333
2017,2,10.,Uddannelse,1672,1.0305,1.02525
2017,2,11.1,"Restauranter, cafeer og kantiner mv.",13085,1.016083333333333,1.014583333333333
2017,2,11.2,Overnatningsfaciliteter,3699,1.037,1.00775
2017,2,12.1,Personlig pleje,9067,.984,.98575
2017,2,12.3,Andre personlige effekter,2814,.979,.96
2017,2,12.4,Daginstitutioner og social forsorg,2783,1.01525,1.020583333333333
2017,2,12.5,Forsikring,16311,1.00275,1.0155
2017,2,12.6,Finansielle tjenester,400,1.041416666666667,1.026833333333333
2017,2,12.7,Andre tjenester,816,1.0295,1.0105
2017,3,01.1,Fødevarer,30791,1.026666666666667,1.000666666666667
2017,3,01.2,Ikke-alkoholiske drikkevarer,3303,1.029666666666667,1.007
2017,3,02.1,Alkoholiske drikkevarer,4168,1.010333333333333,1.018083333333333
2017,3,02.2,Tobak,2839,1.002666666666667,1.00625
2017,3,03.1,Beklædning,8048,.9823333333333334,.9880833333333333
2017,3,03.2,Fodtøj,2231,1.021916666666667,1.024833333333333
2017,3,04.1,Faktisk husleje,24268,1.016166666666667,1.012333333333333
2017,3,04.2,Beregnet lejeværdi af bolig,28611,1.016083333333333,1.012333333333333
2017,3,04.3,Vedligeholdelse og reparation af bolig,4328,.99725,1.014333333333333
2017,3,04.4,Vandforsyning og andre tjenester i forbindelse med boligen,8570,1.03325,1.0015
2017,3,04.5,"Elektricitet, gas og andet brændsel",23384,.9975000000000001,1.018083333333333
2017,3,05.1,"Møbler og boligudstyr, tæpper og anden gulvbelægning",5830,.9918333333333333,.9909166666666667
2017,3,05.2,Boligtekstiler,806,.9745,1.003833333333333
2017,3,05.3,Husholdningsapparater og reparation heraf,2110,.97925,.9636666666666667
2017,3,05.4,"Glas, service og husholdningsredskaber",1749,.9736666666666667,.977
2017,3,05.5,Værktøj og udstyr til hus og have,1792,.9965833333333334,1.013083333333333
2017,3,05.6,Andre varer og tjenester til husholdningen,2904,.9916666666666667,.9904166666666667
2017,3,06.1,"Medicinske produkter, apparater og medicinsk udstyr",3097,.9964166666666666,.999
2017,3,06.2,Ambulant behandling,3726,1.0205,1.023083333333333
2017,3,06.3,Hospitalstjenester,0,.9965000000000001,1.0005
2017,3,07.1,Køb af køretøjer,18321,.9868333333333333,.9935833333333334
2017,3,07.2,Drift af personlige transportmidler,22064,1.034416666666667,1.027083333333333
2017,3,07.3,Transporttjenester,3697,1.036666666666667,1.03475
2017,3,08.1,Posttjenester,77,1.0905,1.04
2017,3,08.2,Telefon- og telefaxudstyr,1650,.9549166666666666,.9366666666666666
2017,3,08.3,Teletjenester,6049,.929,.9851666666666666
2017,3,09.1,Audiovisuelt og fotografisk udstyr og dataudstyr,2536,.95775,.9411666666666667
2017,3,09.2,Andre større varige forbrugsgoder til fritids- og kulturaktiviteter,480,1.012,1.042166666666667
2017,3,09.3,"Andet tilbehør og udstyr til fritid, haver og kæledyr",5899,.9986666666666667,.9865
2017,3,09.4,Fritids- og kulturtjenester,9829,1.036416666666667,1.025583333333333
2017,3,09.5,"Aviser, bøger og papirvarer",2315,1.027666666666667,1.041333333333333
2017,3,09.6,Pakkerejser,5666,1.037833333333333,1.029833333333333
2017,3,10.,Uddannelse,1660,1.032583333333333,1.023916666666667
2017,3,11.1,"Restauranter, cafeer og kantiner mv.",11404,1.016,1.01425
2017,3,11.2,Overnatningsfaciliteter,3584,1.020833333333333,1.0725
2017,3,12.1,Personlig pleje,5573,.9855833333333334,.9840833333333333
2017,3,12.3,Andre personlige effekter,1591,.9903333333333333,.982
2017,3,12.4,Daginstitutioner og social forsorg,3323,1.023666666666667,1.014583333333333
2017,3,12.5,Forsikring,15053,1.002,1.01625
2017,3,12.6,Finansielle tjenester,833,1.055,1.031083333333333
2017,3,12.7,Andre tjenester,1020,1.024833333333333,1.009083333333333
2017,4,01.1,Fødevarer,31240,1.026666666666667,.9985833333333334
2017,4,01.2,Ikke-alkoholiske drikkevarer,3313,1.03175,1.004083333333333
2017,4,02.1,Alkoholiske drikkevarer,3280,1.0095,1.01925
2017,4,02.2,Tobak,1577,1.001833333333333,1.005416666666667
2017,4,03.1,Beklædning,5285,.9849166666666667,.9850833333333333
2017,4,03.2,Fodtøj,1308,1.029833333333333,1.028333333333333
2017,4,04.1,Faktisk husleje,30268,1.017,1.0115
2017,4,04.2,Beregnet lejeværdi af bolig,29533,1.016083333333333,1.012333333333333
2017,4,04.3,Vedligeholdelse og reparation af bolig,2242,.9969166666666667,1.01525
2017,4,04.4,Vandforsyning og andre tjenester i forbindelse med boligen,8053,1.03775,1.001
2017,4,04.5,"Elektricitet, gas og andet brændsel",25479,.9960833333333333,1.019583333333333
2017,4,05.1,"Møbler og boligudstyr, tæpper og anden gulvbelægning",3353,.9875833333333334,.9919166666666667
2017,4,05.2,Boligtekstiler,776,.9538333333333333,1.01675
2017,4,05.3,Husholdningsapparater og reparation heraf,1453,.969,.969
2017,4,05.4,"Glas, service og husholdningsredskaber",776,.9886666666666667,.98
2017,4,05.5,Værktøj og udstyr til hus og have,1017,.9964166666666666,1.012083333333333
2017,4,05.6,Andre varer og tjenester til husholdningen,1836,.9895833333333334,.9890833333333333
2017,4,06.1,"Medicinske produkter, apparater og medicinsk udstyr",2057,1.002666666666667,.9964999999999999
2017,4,06.2,Ambulant behandling,2542,1.0205,1.021916666666667
2017,4,06.3,Hospitalstjenester,0,.9965000000000001,1.0005
2017,4,07.1,Køb af køretøjer,9615,.987,.988
2017,4,07.2,Drift af personlige transportmidler,15092,1.0335,1.035083333333333
2017,4,07.3,Transporttjenester,2583,1.021916666666667,1.034416666666667
2017,4,08.1,Posttjenester,87,1.0905,1.04
2017,4,08.2,Telefon- og telefaxudstyr,821,.9545,.93675
2017,4,08.3,Teletjenester,6766,.9289166666666666,.9836666666666667
2017,4,09.1,Audiovisuelt og fotografisk udstyr og dataudstyr,1961,.9399166666666666,.9235833333333333
2017,4,09.2,Andre større varige forbrugsgoder til fritids- og kulturaktiviteter,440,1.014833333333333,1.035083333333333
2017,4,09.3,"Andet tilbehør og udstyr til fritid, haver og kæledyr",4248,.9973333333333333,.9843333333333333
2017,4,09.4,Fritids- og kulturtjenester,7749,1.03925,1.02375
2017,4,09.5,"Aviser, bøger og papirvarer",1893,1.028083333333333,1.035083333333333
2017,4,09.6,Pakkerejser,4397,1.037833333333333,1.029833333333333
2017,4,10.,Uddanelse,1139,1.0295,1.02675
2017,4,11.1,"Restauranter, cafeer og kantiner mv.",10574,1.0155,1.014
2017,4,11.2,Overnatningsfaciliteter,3764,1.043833333333333,1.04175
2017,4,12.1,Personlig pleje,4433,.9804166666666667,.9785833333333334
2017,4,12.3,Andre personlige effekter,1791,.9769166666666667,.9498333333333333
2017,4,12.4,Daginstitutioner og social forsorg,4875,1.020083333333333,1.018166666666667
2017,4,12.5,Forsikring,12884,.99925,1.0175
2017,4,12.6,Finansielle tjenester,225,1.051166666666667,1.030166666666667
2017,4,12.7,Andre tjenester,630,1.044833333333333,1.008416666666667
2017,5,01.1,Fødevarer,31098,1.028,.9984999999999999
2017,5,01.2,Ikke-alkoholiske drikkevarer,3067,1.03025,1.004083333333333
2017,5,02.1,Alkoholiske drikkevarer,4354,1.007583333333333,1.015666666666667
2017,5,02.2,Tobak,2638,1.001,1.005
2017,5,03.1,Beklædning,9410,.9854166666666667,.9871666666666666
2017,5,03.2,Fodtøj,2162,1.029166666666667,1.035666666666667
2017,5,04.1,Faktisk husleje,22533,1.016083333333333,1.011416666666667
2017,5,04.2,Beregnet lejeværdi af bolig,29261,1.016083333333333,1.012333333333333
2017,5,04.3,Vedligeholdelse og reparation af bolig,4150,.9960833333333333,1.015166666666667
2017,5,04.4,Vandforsyning og andre tjenester i forbindelse med boligen,9488,1.03925,1.00225
2017,5,04.5,"Elektricitet, gas og andet brændsel",23243,.9994166666666666,1.02425
2017,5,05.1,"Møbler og boligudstyr, tæpper og anden gulvbelægning",5159,.989,.98275
2017,5,05.2,Boligtekstiler,959,.95675,1.00775
2017,5,05.3,Husholdningsapparater og reparation heraf,2000,.9785833333333334,.96475
2017,5,05.4,"Glas, service og husholdningsredskaber",1255,.9763333333333334,.9855
2017,5,05.5,Værktøj og udstyr til hus og have,1289,.9925833333333334,1.015333333333333
2017,5,05.6,Andre varer og tjenester til husholdningen,3066,1.00225,.996
2017,5,06.1,"Medicinske produkter, apparater og medicinsk udstyr",3870,.9958333333333333,.997
2017,5,06.2,Ambulant behandling,4100,1.02,1.021
2017,5,06.3,Hospitalstjenester,0,.9965000000000001,1.0005
2017,5,07.1,Køb af køretøjer,14249,.9864166666666667,.989
2017,5,07.2,Drift af personlige transportmidler,22965,1.03275,1.034833333333333
2017,5,07.3,Transporttjenester,4684,1.039166666666667,1.031
2017,5,08.1,Posttjenester,183,1.0905,1.04
2017,5,08.2,Telefon- og telefaxudstyr,1580,.95525,.9368333333333333
2017,5,08.3,Teletjenester,6420,.9343333333333333,.984
2017,5,09.1,Audiovisuelt og fotografisk udstyr og dataudstyr,3988,.9405833333333333,.9324166666666667
2017,5,09.2,Andre større varige forbrugsgoder til fritids- og kulturaktiviteter,2894,1.013166666666667,1.021916666666667
2017,5,09.3,"Andet tilbehør og udstyr til fritid, haver og kæledyr",6182,.998,.98275
2017,5,09.4,Fritids- og kulturtjenester,9666,1.03525,1.024833333333333
2017,5,09.5,"Aviser, bøger og papirvarer",2585,1.010083333333333,1.03375
2017,5,09.6,Pakkerejser,6580,1.037833333333333,1.029833333333333
2017,5,10.,Uddannelse,799,1.033833333333333,1.025833333333333
2017,5,11.1,"Restauranter, cafeer og kantiner mv.",14013,1.015916666666667,1.014083333333333
2017,5,11.2,Overnatningsfaciliteter,2877,1.033583333333333,1.03875
2017,5,12.1,Personlig pleje,5524,.98425,.9799166666666667
2017,5,12.3,Andre personlige effekter,1597,.9771666666666666,.9449166666666666
2017,5,12.4,Daginstitutioner og social forsorg,2670,1.0175,1.01875
2017,5,12.5,Forsikring,15172,.99825,1.0175
2017,5,12.6,Finansielle tjenester,654,1.048583333333333,1.029833333333333
2017,5,12.7,Andre tjenester,790,1.036833333333333,1.007666666666667
2018,1,01.1,Fødevarer,38817,1.001916666666667,1.016166666666667
2018,1,01.2,Ikke-alkoholiske drikkevarer,3646,1.00975,.9931666666666666
2018,1,02.1,Alkoholiske drikkevarer,6061,1.00825,1.007416666666667
2018,1,02.2,Tobak,1462,1.005416666666667,1.017666666666667
2018,1,03.1,Beklædning,11814,.9878333333333333,.9788333333333333
2018,1,03.2,Fodtøj,2463,1.029416666666667,.9670833333333333
2018,1,04.1,Faktisk husleje,31968,1.012333333333333,1.00925
2018,1,04.2,Beregnet lejeværdi af bolig,54996,1.012333333333333,1.00925
2018,1,04.3,Vedligeholdelse og reparation af bolig,4237,1.013833333333333,1.01825
2018,1,04.4,Vandforsyning og andre tjenester i forbindelse med boligen,10795,1.004083333333333,1.026166666666667
2018,1,04.5,"Elektricitet, gas og andet brændsel",24097,1.000583333333333,1.005666666666667
2018,1,05.1,"Møbler og boligudstyr, tæpper og anden gulvbelægning",7141,.9914166666666666,1.00275
2018,1,05.2,Boligtekstiler,1250,.99475,1.023583333333333
2018,1,05.3,Husholdningsapparater og reparation heraf,2335,.9674166666666667,.9913333333333333
2018,1,05.4,"Glas, service og husholdningsredskaber",1573,.98225,.9824166666666667
2018,1,05.5,Værktøj og udstyr til hus og have,1272,1.018583333333333,.975
2018,1,05.6,Andre varer og tjenester til husholdningen,3745,.9858333333333333,1.014
2018,1,06.1,"Medicinske produkter, apparater og medicinsk udstyr",4022,.9975833333333334,1.027416666666667
2018,1,06.2,Ambulant behandling,6330,1.022833333333333,1.016
2018,1,06.3,Hospitalstjenester,0,1.0005,.9995000000000001
2018,1,07.1,Køb af køretøjer,14627,.9838333333333333,.9934166666666666
2018,1,07.2,Drift af personlige transportmidler,20312,1.039666666666667,1.003916666666667
2018,1,07.3,Transporttjenester,9570,1.016583333333333,1.037916666666667
2018,1,08.1,Posttjenester,97,1.04,1.085
2018,1,08.2,Telefon- og telefaxudstyr,1708,.9370833333333334,.9401666666666667
2018,1,08.3,Teletjenester,6412,.9825833333333334,.99975
2018,1,09.1,Audiovisuelt og fotografisk udstyr og dataudstyr,3695,.9319999999999999,.93325
2018,1,09.2,Andre større varige forbrugsgoder til fritids- og kulturaktiviteter,722,1.049416666666667,1.021833333333333
2018,1,09.3,"Andet tilbehør og udstyr til fritid, haver og kæledyr",6841,.98575,1.040583333333333
2018,1,09.4,Fritids- og kulturtjenester,11714,1.022916666666667,1.03
2018,1,09.5,"Aviser, bøger og papirvarer",3030,1.049333333333333,1.049083333333333
2018,1,09.6,Pakkerejser,8749,1.029833333333333,1.01775
2018,1,10.,Uddannelse,2186,1.026083333333333,1.009166666666667
2018,1,11.1,"Restauranter, cafeer og kantiner mv.",20577,1.015416666666667,1.022
2018,1,11.2,Overnatningsfaciliteter,6560,1.098916666666667,.987
2018,1,12.1,Personlig pleje,7497,.9795833333333334,.9945000000000001
2018,1,12.3,Andre personlige effekter,2480,.9359999999999999,.9828333333333333
2018,1,12.4,Daginstitutioner og social forsorg,4580,1.022,1.018
2018,1,12.5,Forsikring,14505,1.015,1.00675
2018,1,12.6,Finansielle tjenester,1202,1.023166666666667,.9988333333333334
2018,1,12.7,Andre tjenester,530,1.02275,1.010666666666667
2018,2,01.1,Fødevarer,37049,1.001833333333333,1.016083333333333
2018,2,01.2,Ikke-alkoholiske drikkevarer,3690,1.00675,.9909166666666667
2018,2,02.1,Alkoholiske drikkevarer,4721,1.013583333333333,1.007833333333333
2018,2,02.2,Tobak,2215,1.005416666666667,1.016666666666667
2018,2,03.1,Beklædning,11253,.9871666666666666,.9685
2018,2,03.2,Fodtøj,2482,1.0265,.9745
2018,2,04.1,Faktisk husleje,20085,1.012333333333333,1.00925
2018,2,04.2,Beregnet lejeværdi af bolig,50699,1.012333333333333,1.00925
2018,2,04.3,Vedligeholdelse og reparation af bolig,2997,1.016583333333333,1.0175
2018,2,04.4,Vandforsyning og andre tjenester i forbindelse med boligen,9316,1.002,1.0275
2018,2,04.5,"Elektricitet, gas og andet brændsel",23137,1.009666666666667,1.002583333333333
2018,2,05.1,"Møbler og boligudstyr, tæpper og anden gulvbelægning",5603,.984,1.007583333333333
2018,2,05.2,Boligtekstiler,1563,1.019,1.019666666666667
2018,2,05.3,Husholdningsapparater og reparation heraf,2711,.9540833333333334,.9750833333333333
2018,2,05.4,"Glas, service og husholdningsredskaber",2696,.9768333333333333,.99425
2018,2,05.5,Værktøj og udstyr til hus og have,2298,1.017,.9796666666666667
2018,2,05.6,Andre varer og tjenester til husholdningen,3776,.989,1.014
2018,2,06.1,"Medicinske produkter, apparater og medicinsk udstyr",5933,.992,1.01625
2018,2,06.2,Ambulant behandling,3785,1.022916666666667,1.017083333333333
2018,2,06.3,Hospitalstjenester,0,1.0005,.9995000000000001
2018,2,07.1,Køb af køretøjer,22975,.9895833333333334,1.006083333333333
2018,2,07.2,Drift af personlige transportmidler,22728,1.027166666666667,1.008166666666667
2018,2,07.3,Transporttjenester,4918,1.0305,1.038
2018,2,08.1,Posttjenester,84,1.04,1.085
2018,2,08.2,Telefon- og telefaxudstyr,1731,.9365833333333333,.94025
2018,2,08.3,Teletjenester,7019,.9846666666666667,1.003083333333333
2018,2,09.1,Audiovisuelt og fotografisk udstyr og dataudstyr,3544,.9390833333333334,.9319166666666667
2018,2,09.2,Andre større varige forbrugsgoder til fritids- og kulturaktiviteter,5485,1.010083333333333,1.032583333333333
2018,2,09.3,"Andet tilbehør og udstyr til fritid, haver og kæledyr",8250,.992,1.044166666666667
2018,2,09.4,Fritids- og kulturtjenester,11324,1.022666666666667,1.029416666666667
2018,2,09.5,"Aviser, bøger og papirvarer",3035,1.03575,1.057583333333333
2018,2,09.6,Pakkerejser,5773,1.029833333333333,1.01775
2018,2,10.,Uddannelse,1996,1.02525,1.029083333333333
2018,2,11.1,"Restauranter, cafeer og kantiner mv.",12685,1.014583333333333,1.01975
2018,2,11.2,Overnatningsfaciliteter,3670,1.00775,.9429999999999999
2018,2,12.1,Personlig pleje,8632,.98575,.996
2018,2,12.3,Andre personlige effekter,2725,.96,1.00425
2018,2,12.4,Daginstitutioner og social forsorg,2143,1.020583333333333,1.017
2018,2,12.5,Forsikring,16624,1.0155,1.008
2018,2,12.6,Finansielle tjenester,411,1.026833333333333,.9918333333333333
2018,2,12.7,Andre tjenester,1100,1.0105,1.003
2018,3,01.1,Fødevarer,30942,1.000666666666667,1.016833333333333
2018,3,01.2,Ikke-alkoholiske drikkevarer,3131,1.007,.9915833333333334
2018,3,02.1,Alkoholiske drikkevarer,4326,1.018083333333333,1.007333333333333
2018,3,02.2,Tobak,2435,1.00625,1.01725
2018,3,03.1,Beklædning,9124,.9880833333333333,.9708333333333333
2018,3,03.2,Fodtøj,2492,1.024833333333333,.9729166666666667
2018,3,04.1,Faktisk husleje,25270,1.012333333333333,1.00925
2018,3,04.2,Beregnet lejeværdi af bolig,29824,1.012333333333333,1.00925
2018,3,04.3,Vedligeholdelse og reparation af bolig,2959,1.014333333333333,1.02075
2018,3,04.4,Vandforsyning og andre tjenester i forbindelse med boligen,8819,1.0015,1.02875
2018,3,04.5,"Elektricitet, gas og andet brændsel",23034,1.018083333333333,.9936666666666667
2018,3,05.1,"Møbler og boligudstyr, tæpper og anden gulvbelægning",7620,.9909166666666667,1.010333333333333
2018,3,05.2,Boligtekstiler,1059,1.003833333333333,1.019333333333333
2018,3,05.3,Husholdningsapparater og reparation heraf,1875,.9636666666666667,.9671666666666666
2018,3,05.4,"Glas, service og husholdningsredskaber",1868,.977,.9732499999999999
2018,3,05.5,Værktøj og udstyr til hus og have,1611,1.013083333333333,.9815833333333334
2018,3,05.6,Andre varer og tjenester til husholdningen,3155,.9904166666666667,1.012333333333333
2018,3,06.1,"Medicinske produkter, apparater og medicinsk udstyr",3058,.999,1.01975
2018,3,06.2,Ambulant behandling,3772,1.023083333333333,1.0165
2018,3,06.3,Hospitalstjenester,4,1.0005,.9995000000000001
2018,3,07.1,Køb af køretøjer,23289,.9935833333333334,1.003166666666667
2018,3,07.2,Drift af personlige transportmidler,21473,1.027083333333333,1.00625
2018,3,07.3,Transporttjenester,4759,1.03475,1.046916666666667
2018,3,08.1,Posttjenester,104,1.04,1.085
2018,3,08.2,Telefon- og telefaxudstyr,2394,.9366666666666666,.9404166666666667
2018,3,08.3,Teletjenester,6109,.9851666666666666,1.003833333333333
2018,3,09.1,Audiovisuelt og fotografisk udstyr og dataudstyr,2844,.9411666666666667,.9431666666666667
2018,3,09.2,Andre større varige forbrugsgoder til fritids- og kulturaktiviteter,-468,1.042166666666667,1.031666666666667
2018,3,09.3,"Andet tilbehør og udstyr til fritid, haver og kæledyr",6813,.9865,1.040416666666667
2018,3,09.4,Fritids- og kulturtjenester,10793,1.025583333333333,1.03025
2018,3,09.5,"Aviser, bøger og papirvarer",2110,1.041333333333333,1.059833333333333
2018,3,09.6,Pakkerejser,6732,1.029833333333333,1.01775
2018,3,10.,Uddannelse,1690,1.023916666666667,1.027666666666667
2018,3,11.1,"Restauranter, cafeer og kantiner mv.",12534,1.01425,1.018833333333333
2018,3,11.2,Overnatningsfaciliteter,3272,1.0725,.9946666666666667
2018,3,12.1,Personlig pleje,5879,.9840833333333333,.9951666666666666
2018,3,12.3,Andre personlige effekter,1647,.982,.99175
2018,3,12.4,Daginstitutioner og social forsorg,3411,1.014583333333333,1.017
2018,3,12.5,Forsikring,15574,1.01625,1.00675
2018,3,12.6,Finansielle tjenester,933,1.031083333333333,.995
2018,3,12.7,Andre tjenester,1004,1.009083333333333,1.00125
2018,4,01.1,Fødevarer,33243,.9985833333333334,1.017833333333333
2018,4,01.2,Ikke-alkoholiske drikkevarer,3817,1.004083333333333,.9915833333333334
2018,4,02.1,Alkoholiske drikkevarer,3604,1.01925,1.007583333333333
2018,4,02.2,Tobak,1485,1.005416666666667,1.017916666666667
2018,4,03.1,Beklædning,6509,.9850833333333333,.9674166666666667
2018,4,03.2,Fodtøj,1183,1.028333333333333,.96675
2018,4,04.1,Faktisk husleje,31232,1.0115,1.009166666666667
2018,4,04.2,Beregnet lejeværdi af bolig,31031,1.012333333333333,1.00925
2018,4,04.3,Vedligeholdelse og reparation af bolig,2407,1.01525,1.018583333333333
2018,4,04.4,Vandforsyning og andre tjenester i forbindelse med boligen,8380,1.001,1.02875
2018,4,04.5,"Elektricitet, gas og andet brændsel",26520,1.019583333333333,.9853333333333333
2018,4,05.1,"Møbler og boligudstyr, tæpper og anden gulvbelægning",4826,.9919166666666667,1.00525
2018,4,05.2,Boligtekstiler,565,1.01675,1.019416666666667
2018,4,05.3,Husholdningsapparater og reparation heraf,1556,.969,.9780833333333333
2018,4,05.4,"Glas, service og husholdningsredskaber",907,.98,.94675
2018,4,05.5,Værktøj og udstyr til hus og have,933,1.012083333333333,.9798333333333333
2018,4,05.6,Andre varer og tjenester til husholdningen,2155,.9890833333333333,1.0145
2018,4,06.1,"Medicinske produkter, apparater og medicinsk udstyr",2844,.9964999999999999,1.01025
2018,4,06.2,Ambulant behandling,2624,1.021916666666667,1.018416666666667
2018,4,06.3,Hospitalstjenester,2,1.0005,.9995000000000001
2018,4,07.1,Køb af køretøjer,15062,.988,.9979166666666667
2018,4,07.2,Drift af personlige transportmidler,16612,1.035083333333333,1.007
2018,4,07.3,Transporttjenester,3023,1.034416666666667,1.05975
2018,4,08.1,Posttjenester,81,1.04,1.085
2018,4,08.2,Telefon- og telefaxudstyr,1403,.93675,.94025
2018,4,08.3,Teletjenester,6635,.9836666666666667,1.003166666666667
2018,4,09.1,Audiovisuelt og fotografisk udstyr og dataudstyr,2242,.9235833333333333,.9445
2018,4,09.2,Andre større varige forbrugsgoder til fritids- og kulturaktiviteter,1718,1.035083333333333,1.033083333333333
2018,4,09.3,"Andet tilbehør og udstyr til fritid, haver og kæledyr",4521,.9843333333333333,1.061
2018,4,09.4,Fritids- og kulturtjenester,8834,1.02375,1.031583333333333
2018,4,09.5,"Aviser, bøger og papirvarer",1693,1.035083333333333,1.073333333333333
2018,4,09.6,Pakkerejser,5104,1.029833333333333,1.01775
2018,4,10.,Uddanelse,1288,1.02675,1.026
2018,4,11.1,"Restauranter, cafeer og kantiner mv.",12047,1.014,1.02025
2018,4,11.2,Overnatningsfaciliteter,4373,1.04175,.9649166666666666
2018,4,12.1,Personlig pleje,5263,.9785833333333334,.99225
2018,4,12.3,Andre personlige effekter,1718,.9498333333333333,.9940833333333333
2018,4,12.4,Daginstitutioner og social forsorg,4764,1.018166666666667,1.017
2018,4,12.5,Forsikring,14575,1.0175,1.0065
2018,4,12.6,Finansielle tjenester,342,1.030166666666667,.99375
2018,4,12.7,Andre tjenester,475,1.008416666666667,1.000166666666667
2018,5,01.1,Fødevarer,33318,.9984999999999999,1.016583333333333
2018,5,01.2,Ikke-alkoholiske drikkevarer,3235,1.004083333333333,.9925833333333334
2018,5,02.1,Alkoholiske drikkevarer,4268,1.015666666666667,1.008166666666667
2018,5,02.2,Tobak,2987,1.005,1.018416666666667
2018,5,03.1,Beklædning,10724,.9871666666666666,.9685
2018,5,03.2,Fodtøj,3121,1.035666666666667,.9696666666666667
2018,5,04.1,Faktisk husleje,25761,1.011416666666667,1.009166666666667
2018,5,04.2,Beregnet lejeværdi af bolig,31505,1.012333333333333,1.00925
2018,5,04.3,Vedligeholdelse og reparation af bolig,2999,1.015166666666667,1.0185
2018,5,04.4,Vandforsyning og andre tjenester i forbindelse med boligen,8420,1.00225,1.02925
2018,5,04.5,"Elektricitet, gas og andet brændsel",20869,1.02425,.9868333333333333
2018,5,05.1,"Møbler og boligudstyr, tæpper og anden gulvbelægning",5020,.98275,1.007666666666667
2018,5,05.2,Boligtekstiler,903,1.00775,1.02275
2018,5,05.3,Husholdningsapparater og reparation heraf,2274,.96475,.9790833333333333
2018,5,05.4,"Glas, service og husholdningsredskaber",1284,.9855,.99325
2018,5,05.5,Værktøj og udstyr til hus og have,1293,1.015333333333333,.983
2018,5,05.6,Andre varer og tjenester til husholdningen,2578,.996,1.014833333333333
2018,5,06.1,"Medicinske produkter, apparater og medicinsk udstyr",3490,.997,1.0195
2018,5,06.2,Ambulant behandling,3544,1.021,1.01575
2018,5,06.3,Hospitalstjenester,0,1.0005,.9995000000000001
2018,5,07.1,Køb af køretøjer,14659,.989,.9979166666666667
2018,5,07.2,Drift af personlige transportmidler,23315,1.034833333333333,1.010333333333333
2018,5,07.3,Transporttjenester,5593,1.031,1.06125
2018,5,08.1,Posttjenester,109,1.04,1.085
2018,5,08.2,Telefon- og telefaxudstyr,1963,.9368333333333333,.9405833333333333
2018,5,08.3,Teletjenester,6159,.984,1.004583333333333
2018,5,09.1,Audiovisuelt og fotografisk udstyr og dataudstyr,3873,.9324166666666667,.9469166666666666
2018,5,09.2,Andre større varige forbrugsgoder til fritids- og kulturaktiviteter,3180,1.021916666666667,1.017583333333333
2018,5,09.3,"Andet tilbehør og udstyr til fritid, haver og kæledyr",6224,.98275,1.048333333333333
2018,5,09.4,Fritids- og kulturtjenester,11047,1.024833333333333,1.029833333333333
2018,5,09.5,"Aviser, bøger og papirvarer",2255,1.03375,1.074666666666667
2018,5,09.6,Pakkerejser,6256,1.029833333333333,1.01775
2018,5,10.,Uddannelse,1750,1.025833333333333,1.026333333333333
2018,5,11.1,"Restauranter, cafeer og kantiner mv.",14524,1.014083333333333,1.017583333333333
2018,5,11.2,Overnatningsfaciliteter,3863,1.03875,.9495
2018,5,12.1,Personlig pleje,6749,.9799166666666667,.9915833333333334
2018,5,12.3,Andre personlige effekter,1890,.9449166666666666,1.001333333333333
2018,5,12.4,Daginstitutioner og social forsorg,2106,1.01875,1.017
2018,5,12.5,Forsikring,16212,1.0175,1.00675
2018,5,12.6,Finansielle tjenester,319,1.029833333333333,.9944166666666666
2018,5,12.7,Andre tjenester,583,1.007666666666667,1.0045
2019,1,01.1,Fødevarer,36966,1.016166666666667,1.0115
2019,1,01.2,Ikke-alkoholiske drikkevarer,3822,.9931666666666666,.9764166666666667
2019,1,02.1,Alkoholiske drikkevarer,5911,1.007416666666667,.9844166666666667
2019,1,02.2,Tobak,1834,1.017666666666667,1.139333333333333
2019,1,03.1,Beklædning,10799,.9788333333333333,.976
2019,1,03.2,Fodtøj,1953,.9670833333333333,1.022083333333333
2019,1,04.1,Faktisk husleje,36092,1.00925,1.009
2019,1,04.2,Beregnet lejeværdi af bolig,51878,1.00925,1.009
2019,1,04.3,Vedligeholdelse og reparation af bolig,3481,1.01825,1.011416666666667
2019,1,04.4,Vandforsyning og andre tjenester i forbindelse med boligen,10422,1.026166666666667,1.01825
2019,1,04.5,"Elektricitet, gas og andet brændsel",23647,1.005666666666667,.9755
2019,1,05.1,"Møbler og boligudstyr, tæpper og anden gulvbelægning",6277,1.00275,1.002416666666667
2019,1,05.2,Boligtekstiler,1096,1.023583333333333,.9458333333333333
2019,1,05.3,Husholdningsapparater og reparation heraf,2125,.9913333333333333,1.028083333333333
2019,1,05.4,"Glas, service og husholdningsredskaber",2018,.9824166666666667,.9722499999999999
2019,1,05.5,Værktøj og udstyr til hus og have,1134,.975,.9330833333333334
2019,1,05.6,Andre varer og tjenester til husholdningen,3244,1.014,1.022166666666667
2019,1,06.1,"Medicinske produkter, apparater og medicinsk udstyr",3128,1.027416666666667,1.015416666666667
2019,1,06.2,Ambulant behandling,5359,1.016,1.020666666666667
2019,1,06.3,Hospitalstjenester,0,.9995000000000001,1.003333333333333
2019,1,07.1,Køb af køretøjer,14439,.9934166666666666,1.005666666666667
2019,1,07.2,Drift af personlige transportmidler,19710,1.003916666666667,.98825
2019,1,07.3,Transporttjenester,10092,1.037916666666667,1.005666666666667
2019,1,08.1,Posttjenester,56,1.085,.997
2019,1,08.2,Telefon- og telefaxudstyr,1364,.9401666666666667,.9632500000000001
2019,1,08.3,Teletjenester,6684,.99975,.972
2019,1,09.1,Audiovisuelt og fotografisk udstyr og dataudstyr,3781,.93325,.9366666666666666
2019,1,09.2,Andre større varige forbrugsgoder til fritids- og kulturaktiviteter,1482,1.021833333333333,1.001
2019,1,09.3,"Andet tilbehør og udstyr til fritid, haver og kæledyr",6166,1.040583333333333,1.02125
2019,1,09.4,Fritids- og kulturtjenester,11950,1.03,1.0185
2019,1,09.5,"Aviser, bøger og papirvarer",2734,1.049083333333333,1.0915
2019,1,09.6,Pakkerejser,7471,1.01775,.9831666666666666
2019,1,10.,Uddannelse,2307,1.009166666666667,1.0235
2019,1,11.1,"Restauranter, cafeer og kantiner mv.",20301,1.022,1.017833333333333
2019,1,11.2,Overnatningsfaciliteter,5956,.987,.9243333333333333
2019,1,12.1,Personlig pleje,6682,.9945000000000001,1.003333333333333
2019,1,12.3,Andre personlige effekter,2686,.9828333333333333,1.006583333333333
2019,1,12.4,Daginstitutioner og social forsorg,4260,1.018,1.023
2019,1,12.5,Forsikring,13804,1.00675,1.0235
2019,1,12.6,Finansielle tjenester,699,.9988333333333334,1.0465
2019,1,12.7,Andre tjenester,736,1.010666666666667,1.014333333333333
2019,2,01.1,Fødevarer,37488,1.016083333333333,1.01075
2019,2,01.2,Ikke-alkoholiske drikkevarer,3703,.9909166666666667,.97675
2019,2,02.1,Alkoholiske drikkevarer,4942,1.007833333333333,.9868333333333333
2019,2,02.2,Tobak,2284,1.016666666666667,1.137916666666667
2019,2,03.1,Beklædning,9843,.9685,.978
2019,2,03.2,Fodtøj,2654,.9745,1.032833333333333
2019,2,04.1,Faktisk husleje,24030,1.00925,1.009
2019,2,04.2,Beregnet lejeværdi af bolig,46379,1.00925,1.009
2019,2,04.3,Vedligeholdelse og reparation af bolig,2850,1.0175,1.012
2019,2,04.4,Vandforsyning og andre tjenester i forbindelse med boligen,9686,1.0275,1.018
2019,2,04.5,"Elektricitet, gas og andet brændsel",21095,1.002583333333333,.9688333333333333
2019,2,05.1,"Møbler og boligudstyr, tæpper og anden gulvbelægning",5482,1.007583333333333,1.001333333333333
2019,2,05.2,Boligtekstiler,1340,1.019666666666667,.9406666666666667
2019,2,05.3,Husholdningsapparater og reparation heraf,2314,.9750833333333333,1.024333333333333
2019,2,05.4,"Glas, service og husholdningsredskaber",1513,.99425,.9584166666666667
2019,2,05.5,Værktøj og udstyr til hus og have,1606,.9796666666666667,.9401666666666667
2019,2,05.6,Andre varer og tjenester til husholdningen,4434,1.014,1.015666666666667
2019,2,06.1,"Medicinske produkter, apparater og medicinsk udstyr",5803,1.01625,1.01375
2019,2,06.2,Ambulant behandling,3356,1.017083333333333,1.020333333333333
2019,2,06.3,Hospitalstjenester,0,.9995000000000001,1.003333333333333
2019,2,07.1,Køb af køretøjer,19509,1.006083333333333,1.003333333333333
2019,2,07.2,Drift af personlige transportmidler,23765,1.008166666666667,.9685833333333334
2019,2,07.3,Transporttjenester,4069,1.038,1.009083333333333
2019,2,08.1,Posttjenester,30,1.085,.997
2019,2,08.2,Telefon- og telefaxudstyr,1312,.94025,.9632500000000001
2019,2,08.3,Teletjenester,7028,1.003083333333333,.97475
2019,2,09.1,Audiovisuelt og fotografisk udstyr og dataudstyr,3079,.9319166666666667,.9296666666666666
2019,2,09.2,Andre større varige forbrugsgoder til fritids- og kulturaktiviteter,6992,1.032583333333333,1.005833333333333
2019,2,09.3,"Andet tilbehør og udstyr til fritid, haver og kæledyr",12221,1.044166666666667,1.011916666666667
2019,2,09.4,Fritids- og kulturtjenester,11282,1.029416666666667,1.016833333333333
2019,2,09.5,"Aviser, bøger og papirvarer",2829,1.057583333333333,1.114
2019,2,09.6,Pakkerejser,6090,1.01775,.9831666666666666
2019,2,10.,Uddannelse,1123,1.029083333333333,1.022333333333333
2019,2,11.1,"Restauranter, cafeer og kantiner mv.",14233,1.01975,1.02
2019,2,11.2,Overnatningsfaciliteter,3908,.9429999999999999,.9439166666666666
2019,2,12.1,Personlig pleje,6684,.996,.9964166666666666
2019,2,12.3,Andre personlige effekter,1573,1.00425,1.011416666666667
2019,2,12.4,Daginstitutioner og social forsorg,3061,1.017,1.021
2019,2,12.5,Forsikring,15352,1.008,1.02125
2019,2,12.6,Finansielle tjenester,474,.9918333333333333,1.03925
2019,2,12.7,Andre tjenester,838,1.003,1.014916666666667
2019,3,01.1,Fødevarer,29363,1.016833333333333,1.011
2019,3,01.2,Ikke-alkoholiske drikkevarer,2990,.9915833333333334,.9743333333333334
2019,3,02.1,Alkoholiske drikkevarer,3649,1.007333333333333,.9860833333333333
2019,3,02.2,Tobak,2681,1.01725,1.142666666666667
2019,3,03.1,Beklædning,8608,.9708333333333333,.9723333333333334
2019,3,03.2,Fodtøj,1946,.9729166666666667,1.029416666666667
2019,3,04.1,Faktisk husleje,27263,1.00925,1.009916666666667
2019,3,04.2,Beregnet lejeværdi af bolig,29695,1.00925,1.009
2019,3,04.3,Vedligeholdelse og reparation af bolig,2525,1.02075,1.012416666666667
2019,3,04.4,Vandforsyning og andre tjenester i forbindelse med boligen,8893,1.02875,1.01775
2019,3,04.5,"Elektricitet, gas og andet brændsel",21881,.9936666666666667,.9643333333333334
2019,3,05.1,"Møbler og boligudstyr, tæpper og anden gulvbelægning",6779,1.010333333333333,1.0045
2019,3,05.2,Boligtekstiler,1045,1.019333333333333,.9520833333333334
2019,3,05.3,Husholdningsapparater og reparation heraf,1864,.9671666666666666,1.013333333333333
2019,3,05.4,"Glas, service og husholdningsredskaber",1371,.9732499999999999,.9813333333333333
2019,3,05.5,Værktøj og udstyr til hus og have,1665,.9815833333333334,.9503333333333334
2019,3,05.6,Andre varer og tjenester til husholdningen,2859,1.012333333333333,1.01725
2019,3,06.1,"Medicinske produkter, apparater og medicinsk udstyr",2913,1.01975,1.018166666666667
2019,3,06.2,Ambulant behandling,3976,1.0165,1.020583333333333
2019,3,06.3,Hospitalstjenester,2,.9995000000000001,1.003333333333333
2019,3,07.1,Køb af køretøjer,19230,1.003166666666667,1.003333333333333
2019,3,07.2,Drift af personlige transportmidler,20935,1.00625,.9692499999999999
2019,3,07.3,Transporttjenester,3914,1.046916666666667,.992
2019,3,08.1,Posttjenester,108,1.085,.997
2019,3,08.2,Telefon- og telefaxudstyr,1790,.9404166666666667,.9632500000000001
2019,3,08.3,Teletjenester,6486,1.003833333333333,.9725833333333334
2019,3,09.1,Audiovisuelt og fotografisk udstyr og dataudstyr,3081,.9431666666666667,.9378333333333333
2019,3,09.2,Andre større varige forbrugsgoder til fritids- og kulturaktiviteter,99,1.031666666666667,1.007583333333333
2019,3,09.3,"Andet tilbehør og udstyr til fritid, haver og kæledyr",7474,1.040416666666667,1.01225
2019,3,09.4,Fritids- og kulturtjenester,10685,1.03025,1.016333333333333
2019,3,09.5,"Aviser, bøger og papirvarer",2048,1.059833333333333,1.108416666666667
2019,3,09.6,Pakkerejser,5689,1.01775,.9831666666666666
2019,3,10.,Uddannelse,1701,1.027666666666667,1.027333333333333
2019,3,11.1,"Restauranter, cafeer og kantiner mv.",11682,1.018833333333333,1.019
2019,3,11.2,Overnatningsfaciliteter,3084,.9946666666666667,.9027499999999999
2019,3,12.1,Personlig pleje,5364,.9951666666666666,.9998333333333334
2019,3,12.3,Andre personlige effekter,1209,.99175,1.005416666666667
2019,3,12.4,Daginstitutioner og social forsorg,3638,1.017,1.023
2019,3,12.5,Forsikring,15525,1.00675,1.02125
2019,3,12.6,Finansielle tjenester,736,.995,1.042166666666667
2019,3,12.7,Andre tjenester,419,1.00125,1.00925
2019,4,01.1,Fødevarer,34082,1.017833333333333,1.011416666666667
2019,4,01.2,Ikke-alkoholiske drikkevarer,3935,.9915833333333334,.9745833333333334
2019,4,02.1,Alkoholiske drikkevarer,4710,1.007583333333333,.9861666666666666
2019,4,02.2,Tobak,1541,1.017916666666667,1.138916666666667
2019,4,03.1,Beklædning,9053,.9674166666666667,.97775
2019,4,03.2,Fodtøj,1940,.96675,1.031583333333333
2019,4,04.1,Faktisk husleje,28190,1.009166666666667,1.009916666666667
2019,4,04.2,Beregnet lejeværdi af bolig,40696,1.00925,1.009
2019,4,04.3,Vedligeholdelse og reparation af bolig,2889,1.018583333333333,1.0135
2019,4,04.4,Vandforsyning og andre tjenester i forbindelse med boligen,9544,1.02875,1.0165
2019,4,04.5,"Elektricitet, gas og andet brændsel",26342,.9853333333333333,.9624166666666667
2019,4,05.1,"Møbler og boligudstyr, tæpper og anden gulvbelægning",6500,1.00525,1.005583333333333
2019,4,05.2,Boligtekstiler,1143,1.019416666666667,.9485
2019,4,05.3,Husholdningsapparater og reparation heraf,2548,.9780833333333333,1.048666666666667
2019,4,05.4,"Glas, service og husholdningsredskaber",1617,.94675,.96975
2019,4,05.5,Værktøj og udstyr til hus og have,1318,.9798333333333333,.96275
2019,4,05.6,Andre varer og tjenester til husholdningen,3049,1.0145,1.013
2019,4,06.1,"Medicinske produkter, apparater og medicinsk udstyr",3807,1.01025,1.01825
2019,4,06.2,Ambulant behandling,3311,1.018416666666667,1.020583333333333
2019,4,06.3,Hospitalstjenester,2,.9995000000000001,1.003333333333333
2019,4,07.1,Køb af køretøjer,20066,.9979166666666667,1.000916666666667
2019,4,07.2,Drift af personlige transportmidler,21638,1.007,.9840833333333333
2019,4,07.3,Transporttjenester,4026,1.05975,.9974166666666666
2019,4,08.1,Posttjenester,79,1.085,.997
2019,4,08.2,Telefon- og telefaxudstyr,1155,.94025,.9632500000000001
2019,4,08.3,Teletjenester,6935,1.003166666666667,.9698333333333333
2019,4,09.1,Audiovisuelt og fotografisk udstyr og dataudstyr,2634,.9445,.9443333333333334
2019,4,09.2,Andre større varige forbrugsgoder til fritids- og kulturaktiviteter,2641,1.033083333333333,1.013416666666667
2019,4,09.3,"Andet tilbehør og udstyr til fritid, haver og kæledyr",5862,1.061,1.01
2019,4,09.4,Fritids- og kulturtjenester,9571,1.031583333333333,1.017083333333333
2019,4,09.5,"Aviser, bøger og papirvarer",2353,1.073333333333333,1.155
2019,4,09.6,Pakkerejser,5628,1.01775,.9831666666666666
2019,4,10.,Uddanelse,1304,1.026,1.02375
2019,4,11.1,"Restauranter, cafeer og kantiner mv.",12980,1.02025,1.020083333333333
2019,4,11.2,Overnatningsfaciliteter,4512,.9649166666666666,.9399999999999999
2019,4,12.1,Personlig pleje,5736,.99225,1.0015
2019,4,12.3,Andre personlige effekter,1173,.9940833333333333,1.009916666666667
2019,4,12.4,Daginstitutioner og social forsorg,4731,1.017,1.023
2019,4,12.5,Forsikring,16731,1.0065,1.0215
2019,4,12.6,Finansielle tjenester,440,.99375,1.035833333333333
2019,4,12.7,Andre tjenester,784,1.000166666666667,1.006583333333333
2019,5,01.1,Fødevarer,33029,1.016583333333333,1.00975
2019,5,01.2,Ikke-alkoholiske drikkevarer,3154,.9925833333333334,.9736666666666667
2019,5,02.1,Alkoholiske drikkevarer,4612,1.008166666666667,.98525
2019,5,02.2,Tobak,2128,1.018416666666667,1.146
2019,5,03.1,Beklædning,9964,.9685,.974
2019,5,03.2,Fodtøj,2414,.9696666666666667,1.02575
2019,5,04.1,Faktisk husleje,27336,1.009166666666667,1.009916666666667
2019,5,04.2,Beregnet lejeværdi af bolig,30708,1.00925,1.009
2019,5,04.3,Vedligeholdelse og reparation af bolig,2665,1.0185,1.0125
2019,5,04.4,Vandforsyning og andre tjenester i forbindelse med boligen,8079,1.02925,1.014
2019,5,04.5,"Elektricitet, gas og andet brændsel",24239,.9868333333333333,.965
2019,5,05.1,"Møbler og boligudstyr, tæpper og anden gulvbelægning",5068,1.007666666666667,1.001916666666667
2019,5,05.2,Boligtekstiler,960,1.02275,.9401666666666667
2019,5,05.3,Husholdningsapparater og reparation heraf,2127,.9790833333333333,1.038916666666667
2019,5,05.4,"Glas, service og husholdningsredskaber",1393,.99325,.9730833333333333
2019,5,05.5,Værktøj og udstyr til hus og have,1292,.983,.961
2019,5,05.6,Andre varer og tjenester til husholdningen,2374,1.014833333333333,1.014083333333333
2019,5,06.1,"Medicinske produkter, apparater og medicinsk udstyr",2642,1.0195,1.018583333333333
2019,5,06.2,Ambulant behandling,3285,1.01575,1.0205
2019,5,06.3,Hospitalstjenester,0,.9995000000000001,1.003333333333333
2019,5,07.1,Køb af køretøjer,17553,.9979166666666667,1.002166666666667
2019,5,07.2,Drift af personlige transportmidler,23273,1.010333333333333,.9841666666666666
2019,5,07.3,Transporttjenester,3774,1.06125,.9955833333333334
2019,5,08.1,Posttjenester,82,1.085,.997
2019,5,08.2,Telefon- og telefaxudstyr,1010,.9405833333333333,.9632500000000001
2019,5,08.3,Teletjenester,6067,1.004583333333333,.9724166666666667
2019,5,09.1,Audiovisuelt og fotografisk udstyr og dataudstyr,3339,.9469166666666666,.9530833333333333
2019,5,09.2,Andre større varige forbrugsgoder til fritids- og kulturaktiviteter,2671,1.017583333333333,1.015666666666667
2019,5,09.3,"Andet tilbehør og udstyr til fritid, haver og kæledyr",6574,1.048333333333333,1.013166666666667
2019,5,09.4,Fritids- og kulturtjenester,11301,1.029833333333333,1.013833333333333
2019,5,09.5,"Aviser, bøger og papirvarer",2225,1.074666666666667,1.153666666666667
2019,5,09.6,Pakkerejser,4193,1.01775,.9831666666666666
2019,5,10.,Uddannelse,1687,1.026333333333333,1.027166666666667
2019,5,11.1,"Restauranter, cafeer og kantiner mv.",13886,1.017583333333333,1.020666666666667
2019,5,11.2,Overnatningsfaciliteter,3056,.9495,.9396666666666667
2019,5,12.1,Personlig pleje,6324,.9915833333333334,.99875
2019,5,12.3,Andre personlige effekter,2482,1.001333333333333,1.004583333333333
2019,5,12.4,Daginstitutioner og social forsorg,2933,1.017,1.031
2019,5,12.5,Forsikring,15409,1.00675,1.0215
2019,5,12.6,Finansielle tjenester,540,.9944166666666666,1.045333333333333
2019,5,12.7,Andre tjenester,562,1.0045,1.01075
2020,1,01.1,Fødevarer,37900,1.0115,1.005666666666667
2020,1,01.2,Ikke-alkoholiske drikkevarer,3747,.9764166666666667,1.00225
2020,1,02.1,Alkoholiske drikkevarer,5495,.9844166666666667,1.003333333333333
2020,1,02.2,Tobak,1869,1.139333333333333,1.206916666666667
2020,1,03.1,Beklædning,9976,.976,1.003666666666667
2020,1,03.2,Fodtøj,2176,1.022083333333333,.9945833333333334
2020,1,04.1,Faktisk husleje,39862,1.009,1.012666666666667
2020,1,04.2,Beregnet lejeværdi af bolig,49290,1.009,1.012666666666667
2020,1,04.3,Vedligeholdelse og reparation af bolig,3046,1.011416666666667,1.022
2020,1,04.4,Vandforsyning og andre tjenester i forbindelse med boligen,10159,1.01825,1.023
2020,1,04.5,"Elektricitet, gas og andet brændsel",18874,.9755,1.05325
2020,1,05.1,"Møbler og boligudstyr, tæpper og anden gulvbelægning",6688,1.002416666666667,.993
2020,1,05.2,Boligtekstiler,1348,.9458333333333333,.98375
2020,1,05.3,Husholdningsapparater og reparation heraf,2007,1.028083333333333,1.00475
2020,1,05.4,"Glas, service og husholdningsredskaber",1833,.9722499999999999,.9330833333333334
2020,1,05.5,Værktøj og udstyr til hus og have,1372,.9330833333333334,.9136666666666666
2020,1,05.6,Andre varer og tjenester til husholdningen,3299,1.022166666666667,1.007666666666667
2020,1,06.1,"Medicinske produkter, apparater og medicinsk udstyr",4054,1.015416666666667,.97475
2020,1,06.2,Ambulant behandling,5371,1.020666666666667,1.021166666666667
2020,1,06.3,Hospitalstjenester,0,1.003333333333333,1.002166666666667
2020,1,07.1,Køb af køretøjer,19086,1.005666666666667,1.006416666666667
2020,1,07.2,Drift af personlige transportmidler,19435,.98825,1.070166666666667
2020,1,07.3,Transporttjenester,5895,1.005666666666667,.9735
2020,1,08.1,Posttjenester,134,.997,1.044
2020,1,08.2,Telefon- og telefaxudstyr,1648,.9632500000000001,.9874166666666667
2020,1,08.3,Teletjenester,6479,.972,.9700833333333333
2020,1,09.1,Audiovisuelt og fotografisk udstyr og dataudstyr,4870,.9366666666666666,.9569166666666666
2020,1,09.2,Andre større varige forbrugsgoder til fritids- og kulturaktiviteter,867,1.001,.9951666666666666
2020,1,09.3,"Andet tilbehør og udstyr til fritid, haver og kæledyr",6501,1.02125,1.013
2020,1,09.4,Fritids- og kulturtjenester,9900,1.0185,1.0375
2020,1,09.5,"Aviser, bøger og papirvarer",2863,1.0915,1.01475
2020,1,09.6,Pakkerejser,4868,.9831666666666666,1.00825
2020,1,10.,Uddannelse,2136,1.0235,1.027916666666667
2020,1,11.1,"Restauranter, cafeer og kantiner mv.",15486,1.017833333333333,1.025166666666667
2020,1,11.2,Overnatningsfaciliteter,3938,.9243333333333333,.98375
2020,1,12.1,Personlig pleje,6921,1.003333333333333,1.0075
2020,1,12.3,Andre personlige effekter,2248,1.006583333333333,1.023416666666667
2020,1,12.4,Daginstitutioner og social forsorg,4409,1.023,1.037
2020,1,12.5,Forsikring,14048,1.0235,1.0115
2020,1,12.6,Finansielle tjenester,1162,1.0465,1.0085
2020,1,12.7,Andre tjenester,1012,1.014333333333333,1.02625
2020,2,01.1,Fødevarer,37785,1.01075,1.0055
2020,2,01.2,Ikke-alkoholiske drikkevarer,3769,.97675,1.003583333333333
2020,2,02.1,Alkoholiske drikkevarer,5578,.9868333333333333,1.004916666666667
2020,2,02.2,Tobak,2024,1.137916666666667,1.206
2020,2,03.1,Beklædning,9353,.978,1.004166666666667
2020,2,03.2,Fodtøj,2622,1.032833333333333,.9801666666666666
2020,2,04.1,Faktisk husleje,26369,1.009,1.012666666666667
2020,2,04.2,Beregnet lejeværdi af bolig,45129,1.009,1.012666666666667
2020,2,04.3,Vedligeholdelse og reparation af bolig,2405,1.012,1.027083333333333
2020,2,04.4,Vandforsyning og andre tjenester i forbindelse med boligen,11176,1.018,1.024
2020,2,04.5,"Elektricitet, gas og andet brændsel",19356,.9688333333333333,1.081166666666667
2020,2,05.1,"Møbler og boligudstyr, tæpper og anden gulvbelægning",5927,1.001333333333333,.9976666666666667
2020,2,05.2,Boligtekstiler,778,.9406666666666667,.9855833333333334
2020,2,05.3,Husholdningsapparater og reparation heraf,2883,1.024333333333333,.9928333333333333
2020,2,05.4,"Glas, service og husholdningsredskaber",1492,.9584166666666667,.9255
2020,2,05.5,Værktøj og udstyr til hus og have,1265,.9401666666666667,.9188333333333334
2020,2,05.6,Andre varer og tjenester til husholdningen,4299,1.015666666666667,1.005
2020,2,06.1,"Medicinske produkter, apparater og medicinsk udstyr",3683,1.01375,.9686666666666667
2020,2,06.2,Ambulant behandling,3436,1.020333333333333,1.023166666666667
2020,2,06.3,Hospitalstjenester,0,1.003333333333333,1.002166666666667
2020,2,07.1,Køb af køretøjer,26436,1.003333333333333,1.026666666666667
2020,2,07.2,Drift af personlige transportmidler,21316,.9685833333333334,1.082916666666667
2020,2,07.3,Transporttjenester,2142,1.009083333333333,.9653333333333334
2020,2,08.1,Posttjenester,29,.997,1.044
2020,2,08.2,Telefon- og telefaxudstyr,1831,.9632500000000001,.9875
2020,2,08.3,Teletjenester,7205,.97475,.9739166666666667
2020,2,09.1,Audiovisuelt og fotografisk udstyr og dataudstyr,3813,.9296666666666666,.965
2020,2,09.2,Andre større varige forbrugsgoder til fritids- og kulturaktiviteter,5488,1.005833333333333,.99275
2020,2,09.3,"Andet tilbehør og udstyr til fritid, haver og kæledyr",13687,1.011916666666667,1.011916666666667
2020,2,09.4,Fritids- og kulturtjenester,7744,1.016833333333333,1.039583333333333
2020,2,09.5,"Aviser, bøger og papirvarer",2445,1.114,1.026666666666667
2020,2,09.6,Pakkerejser,3364,.9831666666666666,1.00825
2020,2,10.,Uddannelse,1426,1.022333333333333,1.025166666666667
2020,2,11.1,"Restauranter, cafeer og kantiner mv.",9359,1.02,1.026
2020,2,11.2,Overnatningsfaciliteter,2939,.9439166666666666,.9838333333333333
2020,2,12.1,Personlig pleje,5065,.9964166666666666,1.006833333333333
2020,2,12.3,Andre personlige effekter,1785,1.011416666666667,1.031833333333333
2020,2,12.4,Daginstitutioner og social forsorg,3892,1.021,1.028
2020,2,12.5,Forsikring,17009,1.02125,1.01075
2020,2,12.6,Finansielle tjenester,671,1.03925,1.01325
2020,2,12.7,Andre tjenester,594,1.014916666666667,1.035083333333333
2020,3,01.1,Fødevarer,32100,1.011,1.0055
2020,3,01.2,Ikke-alkoholiske drikkevarer,3236,.9743333333333334,1.007666666666667
2020,3,02.1,Alkoholiske drikkevarer,4323,.9860833333333333,1.004416666666667
2020,3,02.2,Tobak,2341,1.142666666666667,1.188916666666667
2020,3,03.1,Beklædning,7618,.9723333333333334,1.00525
2020,3,03.2,Fodtøj,2197,1.029416666666667,.9793333333333334
2020,3,04.1,Faktisk husleje,27771,1.009916666666667,1.01275
2020,3,04.2,Beregnet lejeværdi af bolig,32063,1.009,1.012666666666667
2020,3,04.3,Vedligeholdelse og reparation af bolig,3224,1.012416666666667,1.024166666666667
2020,3,04.4,Vandforsyning og andre tjenester i forbindelse med boligen,8694,1.01775,1.024
2020,3,04.5,"Elektricitet, gas og andet brændsel",21414,.9643333333333334,1.09175
2020,3,05.1,"Møbler og boligudstyr, tæpper og anden gulvbelægning",6068,1.0045,.9980833333333333
2020,3,05.2,Boligtekstiler,788,.9520833333333334,.9921666666666666
2020,3,05.3,Husholdningsapparater og reparation heraf,2512,1.013333333333333,.998
2020,3,05.4,"Glas, service og husholdningsredskaber",1453,.9813333333333333,.9163333333333333
2020,3,05.5,Værktøj og udstyr til hus og have,1923,.9503333333333334,.9344166666666667
2020,3,05.6,Andre varer og tjenester til husholdningen,2970,1.01725,1.004
2020,3,06.1,"Medicinske produkter, apparater og medicinsk udstyr",3760,1.018166666666667,.9828333333333333
2020,3,06.2,Ambulant behandling,4182,1.020583333333333,1.022833333333333
2020,3,06.3,Hospitalstjenester,0,1.003333333333333,1.002166666666667
2020,3,07.1,Køb af køretøjer,20405,1.003333333333333,1.033833333333333
2020,3,07.2,Drift af personlige transportmidler,19655,.9692499999999999,1.0765
2020,3,07.3,Transporttjenester,1833,.992,.9626666666666667
2020,3,08.1,Posttjenester,88,.997,1.044
2020,3,08.2,Telefon- og telefaxudstyr,1560,.9632500000000001,.9874166666666666
2020,3,08.3,Teletjenester,6840,.9725833333333334,.9708333333333333
2020,3,09.1,Audiovisuelt og fotografisk udstyr og dataudstyr,3775,.9378333333333333,.9654166666666667
2020,3,09.2,Andre større varige forbrugsgoder til fritids- og kulturaktiviteter,843,1.007583333333333,1.009
2020,3,09.3,"Andet tilbehør og udstyr til fritid, haver og kæledyr",7078,1.01225,1.003166666666667
2020,3,09.4,Fritids- og kulturtjenester,8387,1.016333333333333,1.03625
2020,3,09.5,"Aviser, bøger og papirvarer",2184,1.108416666666667,1.015916666666667
2020,3,09.6,Pakkerejser,6800,.9831666666666666,1.00825
2020,3,10.,Uddannelse,1457,1.027333333333333,1.02575
2020,3,11.1,"Restauranter, cafeer og kantiner mv.",9587,1.019,1.027416666666667
2020,3,11.2,Overnatningsfaciliteter,1601,.9027499999999999,.996
2020,3,12.1,Personlig pleje,5080,.9998333333333334,1.001083333333333
2020,3,12.3,Andre personlige effekter,1076,1.005416666666667,1.02325
2020,3,12.4,Daginstitutioner og social forsorg,2511,1.023,1.025
2020,3,12.5,Forsikring,16539,1.02125,1.01125
2020,3,12.6,Finansielle tjenester,701,1.042166666666667,1.011916666666667
2020,3,12.7,Andre tjenester,447,1.00925,1.041416666666667
2020,4,01.1,Fødevarer,34502,1.011416666666667,1.005916666666667
2020,4,01.2,Ikke-alkoholiske drikkevarer,3574,.9745833333333334,1.006083333333333
2020,4,02.1,Alkoholiske drikkevarer,5109,.9861666666666666,1.005833333333333
2020,4,02.2,Tobak,1681,1.138916666666667,1.193166666666667
2020,4,03.1,Beklædning,10077,.97775,1.00175
2020,4,03.2,Fodtøj,2028,1.031583333333333,.9931666666666666
2020,4,04.1,Faktisk husleje,29208,1.009916666666667,1.01275
2020,4,04.2,Beregnet lejeværdi af bolig,41980,1.009,1.012666666666667
2020,4,04.3,Vedligeholdelse og reparation af bolig,3006,1.0135,1.030916666666667
2020,4,04.4,Vandforsyning og andre tjenester i forbindelse med boligen,9140,1.0165,1.02375
2020,4,04.5,"Elektricitet, gas og andet brændsel",19656,.9624166666666667,1.098666666666667
2020,4,05.1,"Møbler og boligudstyr, tæpper og anden gulvbelægning",7905,1.005583333333333,.9988333333333334
2020,4,05.2,Boligtekstiler,2547,.9485,.9955833333333334
2020,4,05.3,Husholdningsapparater og reparation heraf,2545,1.048666666666667,.9875833333333334
2020,4,05.4,"Glas, service og husholdningsredskaber",2056,.96975,.9285833333333333
2020,4,05.5,Værktøj og udstyr til hus og have,2267,.96275,.9546666666666667
2020,4,05.6,Andre varer og tjenester til husholdningen,3208,1.013,1.003916666666667
2020,4,06.1,"Medicinske produkter, apparater og medicinsk udstyr",5773,1.01825,.98425
2020,4,06.2,Ambulant behandling,3830,1.020583333333333,1.023666666666667
2020,4,06.3,Hospitalstjenester,1,1.003333333333333,1.002166666666667
2020,4,07.1,Køb af køretøjer,25361,1.000916666666667,1.025916666666667
2020,4,07.2,Drift af personlige transportmidler,20449,.9840833333333333,1.069416666666667
2020,4,07.3,Transporttjenester,2587,.9974166666666666,.9515
2020,4,08.1,Posttjenester,182,.997,1.044
2020,4,08.2,Telefon- og telefaxudstyr,1861,.9632500000000001,.9874166666666667
2020,4,08.3,Teletjenester,6373,.9698333333333333,.9705
2020,4,09.1,Audiovisuelt og fotografisk udstyr og dataudstyr,4267,.9443333333333334,.9678333333333333
2020,4,09.2,Andre større varige forbrugsgoder til fritids- og kulturaktiviteter,1759,1.013416666666667,1.013916666666667
2020,4,09.3,"Andet tilbehør og udstyr til fritid, haver og kæledyr",8037,1.01,1.004416666666667
2020,4,09.4,Fritids- og kulturtjenester,7313,1.017083333333333,1.039583333333333
2020,4,09.5,"Aviser, bøger og papirvarer",2663,1.155,1.029833333333333
2020,4,09.6,Pakkerejser,5843,.9831666666666666,1.00825
2020,4,10.,Uddanelse,1917,1.02375,1.026833333333333
2020,4,11.1,"Restauranter, cafeer og kantiner mv.",11837,1.020083333333333,1.026833333333333
2020,4,11.2,Overnatningsfaciliteter,2469,.9399999999999999,.9894166666666666
2020,4,12.1,Personlig pleje,6201,1.0015,1.002166666666667
2020,4,12.3,Andre personlige effekter,1356,1.009916666666667,1.036083333333333
2020,4,12.4,Daginstitutioner og social forsorg,2277,1.023,1.024
2020,4,12.5,Forsikring,16436,1.0215,1.012
2020,4,12.6,Finansielle tjenester,604,1.035833333333333,1.0125
2020,4,12.7,Andre tjenester,1197,1.006583333333333,1.039583333333333
2020,5,01.1,Fødevarer,34218,1.00975,1.006083333333333
2020,5,01.2,Ikke-alkoholiske drikkevarer,3265,.9736666666666667,1.0055
2020,5,02.1,Alkoholiske drikkevarer,5000,.98525,1.005166666666667
2020,5,02.2,Tobak,1448,1.146,1.1825
2020,5,03.1,Beklædning,7997,.974,.9998333333333334
2020,5,03.2,Fodtøj,2108,1.02575,.9831666666666666
2020,5,04.1,Faktisk husleje,27168,1.009916666666667,1.01275
2020,5,04.2,Beregnet lejeværdi af bolig,34832,1.009,1.012666666666667
2020,5,04.3,Vedligeholdelse og reparation af bolig,2533,1.0125,1.02575
2020,5,04.4,Vandforsyning og andre tjenester i forbindelse med boligen,8892,1.014,1.023
2020,5,04.5,"Elektricitet, gas og andet brændsel",21448,.965,1.115833333333333
2020,5,05.1,"Møbler og boligudstyr, tæpper og anden gulvbelægning",6656,1.001916666666667,.99475
2020,5,05.2,Boligtekstiler,1147,.9401666666666667,1.004583333333333
2020,5,05.3,Husholdningsapparater og reparation heraf,2251,1.038916666666667,.9963333333333333
2020,5,05.4,"Glas, service og husholdningsredskaber",2143,.9730833333333333,.9283333333333333
2020,5,05.5,Værktøj og udstyr til hus og have,1753,.961,.9463333333333334
2020,5,05.6,Andre varer og tjenester til husholdningen,2856,1.014083333333333,1.007416666666667
2020,5,06.1,"Medicinske produkter, apparater og medicinsk udstyr",3127,1.018583333333333,.9849166666666667
2020,5,06.2,Ambulant behandling,3512,1.0205,1.021166666666667
2020,5,06.3,Hospitalstjenester,0,1.003333333333333,1.002166666666667
2020,5,07.1,Køb af køretøjer,17060,1.002166666666667,1.022
2020,5,07.2,Drift af personlige transportmidler,22065,.9841666666666666,1.068416666666667
2020,5,07.3,Transporttjenester,1909,.9955833333333334,.9495833333333333
2020,5,08.1,Posttjenester,78,.997,1.044
2020,5,08.2,Telefon- og telefaxudstyr,1274,.9632500000000001,.98725
2020,5,08.3,Teletjenester,6781,.9724166666666667,.97375
2020,5,09.1,Audiovisuelt og fotografisk udstyr og dataudstyr,3480,.9530833333333333,.9784166666666667
2020,5,09.2,Andre større varige forbrugsgoder til fritids- og kulturaktiviteter,2499,1.015666666666667,1.016333333333333
2020,5,09.3,"Andet tilbehør og udstyr til fritid, haver og kæledyr",8493,1.013166666666667,1.00475
2020,5,09.4,Fritids- og kulturtjenester,9350,1.013833333333333,1.031916666666667
2020,5,09.5,"Aviser, bøger og papirvarer",2468,1.153666666666667,1.023083333333333
2020,5,09.6,Pakkerejser,3281,.9831666666666666,1.00825
2020,5,10.,Uddannelse,1489,1.027166666666667,1.031333333333333
2020,5,11.1,"Restauranter, cafeer og kantiner mv.",10115,1.020666666666667,1.027833333333333
2020,5,11.2,Overnatningsfaciliteter,1170,.9396666666666667,.9980833333333333
2020,5,12.1,Personlig pleje,5646,.99875,1.00175
2020,5,12.3,Andre personlige effekter,3340,1.004583333333333,1.024083333333333
2020,5,12.4,Daginstitutioner og social forsorg,2996,1.031,1.041
2020,5,12.5,Forsikring,17333,1.0215,1.01175
2020,5,12.6,Finansielle tjenester,1094,1.045333333333333,1.009666666666667
2020,5,12.7,Andre tjenester,550,1.01075,1.038416666666667
2021,1,01.1,Fødevarer,36914,1.005666666666667,1.122416666666667
2021,1,01.2,Ikke-alkoholiske drikkevarer,3835,1.00225,1.071916666666667
2021,1,02.1,Alkoholiske drikkevarer,6042,1.003333333333333,1.045333333333333
2021,1,02.2,Tobak,2394,1.206916666666667,1.081083333333333
2021,1,03.1,Beklædning,10533,1.003666666666667,1.026583333333333
2021,1,03.2,Fodtøj,2585,.9945833333333334,1.02625
2021,1,04.1,Faktisk husleje,42170,1.012666666666667,1.02075
2021,1,04.2,Beregnet lejeværdi af bolig,44645,1.012666666666667,1.02075
2021,1,04.3,Vedligeholdelse og reparation af bolig,2375,1.022,1.09675
2021,1,04.4,Vandforsyning og andre tjenester i forbindelse med boligen,9769,1.023,1.014
2021,1,04.5,"Elektricitet, gas og andet brændsel",23615,1.05325,1.357833333333333
2021,1,05.1,"Møbler og boligudstyr, tæpper og anden gulvbelægning",7559,.993,1.122416666666667
2021,1,05.2,Boligtekstiler,1869,.98375,1.062083333333333
2021,1,05.3,Husholdningsapparater og reparation heraf,1873,1.00475,1.053333333333333
2021,1,05.4,"Glas, service og husholdningsredskaber",1447,.9330833333333334,1.0185
2021,1,05.5,Værktøj og udstyr til hus og have,1479,.9136666666666666,1.057
2021,1,05.6,Andre varer og tjenester til husholdningen,3669,1.007666666666667,1.096666666666667
2021,1,06.1,"Medicinske produkter, apparater og medicinsk udstyr",5104,.97475,1.015916666666667
2021,1,06.2,Ambulant behandling,5539,1.021166666666667,1.025416666666667
2021,1,06.3,Hospitalstjenester,0,1.002166666666667,1.01225
2021,1,07.1,Køb af køretøjer,18169,1.006416666666667,1.052166666666667
2021,1,07.2,Drift af personlige transportmidler,18878,1.070166666666667,1.132583333333333
2021,1,07.3,Transporttjenester,5415,.9735,1.043833333333333
2021,1,08.1,Posttjenester,115,1.044,1.039
2021,1,08.2,Telefon- og telefaxudstyr,1546,.9874166666666667,1.06425
2021,1,08.3,Teletjenester,6435,.9700833333333333,1.0095
2021,1,09.1,Audiovisuelt og fotografisk udstyr og dataudstyr,4377,.9569166666666666,.9905833333333334
2021,1,09.2,Andre større varige forbrugsgoder til fritids- og kulturaktiviteter,907,.9951666666666666,1.027
2021,1,09.3,"Andet tilbehør og udstyr til fritid, haver og kæledyr",6985,1.013,1.033
2021,1,09.4,Fritids- og kulturtjenester,9501,1.0375,1.04425
2021,1,09.5,"Aviser, bøger og papirvarer",2871,1.01475,1.00725
2021,1,09.6,Pakkerejser,9180,1.00825,1.12
2021,1,10.,Uddannelse,1846,1.027916666666667,1.00925
2021,1,11.1,"Restauranter, cafeer og kantiner mv.",16996,1.025166666666667,1.067583333333333
2021,1,11.2,Overnatningsfaciliteter,5819,.98375,1.077083333333333
2021,1,12.1,Personlig pleje,6236,1.0075,1.024416666666667
2021,1,12.3,Andre personlige effekter,1990,1.023416666666667,1.022083333333333
2021,1,12.4,Daginstitutioner og social forsorg,4756,1.037,1.017
2021,1,12.5,Forsikring,16681,1.0115,1.0145
2021,1,12.6,Finansielle tjenester,1434,1.0085,1.022
2021,1,12.7,Andre tjenester,918,1.02625,1.06525
2021,2,01.1,Fødevarer,36399,1.0055,1.124666666666667
2021,2,01.2,Ikke-alkoholiske drikkevarer,3788,1.003583333333333,1.075916666666667
2021,2,02.1,Alkoholiske drikkevarer,5205,1.004916666666667,1.04025
2021,2,02.2,Tobak,2600,1.206,1.0805
2021,2,03.1,Beklædning,8653,1.004166666666667,1.036166666666667
2021,2,03.2,Fodtøj,2290,.9801666666666666,1.017916666666667
2021,2,04.1,Faktisk husleje,23550,1.012666666666667,1.02075
2021,2,04.2,Beregnet lejeværdi af bolig,47843,1.012666666666667,1.02075
2021,2,04.3,Vedligeholdelse og reparation af bolig,1930,1.027083333333333,1.1175
2021,2,04.4,Vandforsyning og andre tjenester i forbindelse med boligen,10264,1.024,1.015
2021,2,04.5,"Elektricitet, gas og andet brændsel",26683,1.081166666666667,1.407666666666667
2021,2,05.1,"Møbler og boligudstyr, tæpper og anden gulvbelægning",5753,.9976666666666667,1.1095
2021,2,05.2,Boligtekstiler,1189,.9855833333333334,1.063666666666667
2021,2,05.3,Husholdningsapparater og reparation heraf,3839,.9928333333333333,1.050333333333333
2021,2,05.4,"Glas, service og husholdningsredskaber",1272,.9255,1.01475
2021,2,05.5,Værktøj og udstyr til hus og have,1774,.9188333333333334,1.041
2021,2,05.6,Andre varer og tjenester til husholdningen,2950,1.005,1.09275
2021,2,06.1,"Medicinske produkter, apparater og medicinsk udstyr",3852,.9686666666666667,1.013333333333333
2021,2,06.2,Ambulant behandling,3730,1.023166666666667,1.025166666666667
2021,2,06.3,Hospitalstjenester,0,1.002166666666667,1.01225
2021,2,07.1,Køb af køretøjer,30082,1.026666666666667,1.08175
2021,2,07.2,Drift af personlige transportmidler,19355,1.082916666666667,1.139083333333333
2021,2,07.3,Transporttjenester,1985,.9653333333333334,1.044583333333333
2021,2,08.1,Posttjenester,51,1.044,1.039
2021,2,08.2,Telefon- og telefaxudstyr,1663,.9875,1.06425
2021,2,08.3,Teletjenester,7613,.9739166666666667,1.012916666666667
2021,2,09.1,Audiovisuelt og fotografisk udstyr og dataudstyr,3963,.965,.9828333333333333
2021,2,09.2,Andre større varige forbrugsgoder til fritids- og kulturaktiviteter,3437,.99275,1.128583333333333
2021,2,09.3,"Andet tilbehør og udstyr til fritid, haver og kæledyr",9627,1.011916666666667,1.025083333333333
2021,2,09.4,Fritids- og kulturtjenester,7884,1.039583333333333,1.046083333333333
2021,2,09.5,"Aviser, bøger og papirvarer",2226,1.026666666666667,1.006416666666667
2021,2,09.6,Pakkerejser,8732,1.00825,1.12
2021,2,10.,Uddannelse,1331,1.025166666666667,1.021916666666667
2021,2,11.1,"Restauranter, cafeer og kantiner mv.",8310,1.026,1.071
2021,2,11.2,Overnatningsfaciliteter,3687,.9838333333333333,1.1095
2021,2,12.1,Personlig pleje,5449,1.006833333333333,1.024083333333333
2021,2,12.3,Andre personlige effekter,1770,1.031833333333333,1.027166666666667
2021,2,12.4,Daginstitutioner og social forsorg,2949,1.028,1.042
2021,2,12.5,Forsikring,20751,1.01075,1.01425
2021,2,12.6,Finansielle tjenester,495,1.01325,1.024833333333333
2021,2,12.7,Andre tjenester,408,1.035083333333333,1.092416666666667
2021,3,01.1,Fødevarer,34011,1.0055,1.121583333333333
2021,3,01.2,Ikke-alkoholiske drikkevarer,3391,1.007666666666667,1.07225
2021,3,02.1,Alkoholiske drikkevarer,4199,1.004416666666667,1.039416666666667
2021,3,02.2,Tobak,1844,1.188916666666667,1.077166666666667
2021,3,03.1,Beklædning,7661,1.00525,1.029083333333333
2021,3,03.2,Fodtøj,2511,.9793333333333334,1.017583333333333
2021,3,04.1,Faktisk husleje,25170,1.01275,1.020333333333333
2021,3,04.2,Beregnet lejeværdi af bolig,34634,1.012666666666667,1.02075
2021,3,04.3,Vedligeholdelse og reparation af bolig,3893,1.024166666666667,1.132083333333333
2021,3,04.4,Vandforsyning og andre tjenester i forbindelse med boligen,9250,1.024,1.0125
2021,3,04.5,"Elektricitet, gas og andet brændsel",26971,1.09175,1.478666666666667
2021,3,05.1,"Møbler og boligudstyr, tæpper og anden gulvbelægning",8357,.9980833333333333,1.11375
2021,3,05.2,Boligtekstiler,1629,.9921666666666666,1.073583333333333
2021,3,05.3,Husholdningsapparater og reparation heraf,3264,.998,1.04325
2021,3,05.4,"Glas, service og husholdningsredskaber",1512,.9163333333333333,1.03075
2021,3,05.5,Værktøj og udstyr til hus og have,2156,.9344166666666667,1.069166666666667
2021,3,05.6,Andre varer og tjenester til husholdningen,3191,1.004,1.093166666666667
2021,3,06.1,"Medicinske produkter, apparater og medicinsk udstyr",4881,.9828333333333333,1.018333333333333
2021,3,06.2,Ambulant behandling,4473,1.022833333333333,1.025416666666667
2021,3,06.3,Hospitalstjenester,0,1.002166666666667,1.01225
2021,3,07.1,Køb af køretøjer,22682,1.033833333333333,1.089916666666667
2021,3,07.2,Drift af personlige transportmidler,22014,1.0765,1.139833333333333
2021,3,07.3,Transporttjenester,1424,.9626666666666667,1.046416666666667
2021,3,08.1,Posttjenester,64,1.044,1.039
2021,3,08.2,Telefon- og telefaxudstyr,1367,.9874166666666666,1.06425
2021,3,08.3,Teletjenester,7310,.9708333333333333,1.010333333333333
2021,3,09.1,Audiovisuelt og fotografisk udstyr og dataudstyr,3676,.9654166666666667,.992
2021,3,09.2,Andre større varige forbrugsgoder til fritids- og kulturaktiviteter,857,1.009,1.090416666666667
2021,3,09.3,"Andet tilbehør og udstyr til fritid, haver og kæledyr",6995,1.003166666666667,1.03825
2021,3,09.4,Fritids- og kulturtjenester,8232,1.03625,1.043583333333333
2021,3,09.5,"Aviser, bøger og papirvarer",2288,1.015916666666667,.9963333333333333
2021,3,09.6,Pakkerejser,15883,1.00825,1.12
2021,3,10.,Uddannelse,1940,1.02575,1.020166666666667
2021,3,11.1,"Restauranter, cafeer og kantiner mv.",9883,1.027416666666667,1.07025
2021,3,11.2,Overnatningsfaciliteter,3323,.996,1.181333333333333
2021,3,12.1,Personlig pleje,5458,1.001083333333333,1.022333333333333
2021,3,12.3,Andre personlige effekter,1737,1.02325,1.029583333333333
2021,3,12.4,Daginstitutioner og social forsorg,2238,1.025,1.054
2021,3,12.5,Forsikring,21491,1.01125,1.017
2021,3,12.6,Finansielle tjenester,951,1.011916666666667,1.022916666666667
2021,3,12.7,Andre tjenester,1030,1.041416666666667,1.0715
2021,4,01.1,Fødevarer,33620,1.005916666666667,1.120166666666667
2021,4,01.2,Ikke-alkoholiske drikkevarer,3479,1.006083333333333,1.07375
2021,4,02.1,Alkoholiske drikkevarer,4474,1.005833333333333,1.0405
2021,4,02.2,Tobak,2462,1.193166666666667,1.073916666666667
2021,4,03.1,Beklædning,9307,1.00175,1.022333333333333
2021,4,03.2,Fodtøj,1971,.9931666666666666,1.03125
2021,4,04.1,Faktisk husleje,31206,1.01275,1.02075
2021,4,04.2,Beregnet lejeværdi af bolig,43705,1.012666666666667,1.02075
2021,4,04.3,Vedligeholdelse og reparation af bolig,2690,1.030916666666667,1.154916666666667
2021,4,04.4,Vandforsyning og andre tjenester i forbindelse med boligen,9166,1.02375,1.0115
2021,4,04.5,"Elektricitet, gas og andet brændsel",25288,1.098666666666667,1.494583333333333
2021,4,05.1,"Møbler og boligudstyr, tæpper og anden gulvbelægning",7350,.9988333333333334,1.113666666666667
2021,4,05.2,Boligtekstiler,2231,.9955833333333334,1.07275
2021,4,05.3,Husholdningsapparater og reparation heraf,2684,.9875833333333334,1.039583333333333
2021,4,05.4,"Glas, service og husholdningsredskaber",2128,.9285833333333333,1.032833333333333
2021,4,05.5,Værktøj og udstyr til hus og have,1774,.9546666666666667,1.066583333333333
2021,4,05.6,Andre varer og tjenester til husholdningen,3302,1.003916666666667,1.095333333333333
2021,4,06.1,"Medicinske produkter, apparater og medicinsk udstyr",6142,.98425,1.015333333333333
2021,4,06.2,Ambulant behandling,4210,1.023666666666667,1.0245
2021,4,06.3,Hospitalstjenester,1,1.002166666666667,1.01225
2021,4,07.1,Køb af køretøjer,21829,1.025916666666667,1.093083333333333
2021,4,07.2,Drift af personlige transportmidler,20488,1.069416666666667,1.125
2021,4,07.3,Transporttjenester,2449,.9515,1.066083333333333
2021,4,08.1,Posttjenester,104,1.044,1.039
2021,4,08.2,Telefon- og telefaxudstyr,2006,.9874166666666667,1.064416666666667
2021,4,08.3,Teletjenester,6548,.9705,1.010166666666667
2021,4,09.1,Audiovisuelt og fotografisk udstyr og dataudstyr,4090,.9678333333333333,.9910833333333333
2021,4,09.2,Andre større varige forbrugsgoder til fritids- og kulturaktiviteter,1997,1.013916666666667,1.070416666666667
2021,4,09.3,"Andet tilbehør og udstyr til fritid, haver og kæledyr",7764,1.004416666666667,1.03625
2021,4,09.4,Fritids- og kulturtjenester,7398,1.039583333333333,1.038833333333333
2021,4,09.5,"Aviser, bøger og papirvarer",2304,1.029833333333333,1.030666666666667
2021,4,09.6,Pakkerejser,12235,1.00825,1.12
2021,4,10.,Uddanelse,2231,1.026833333333333,1.026
2021,4,11.1,"Restauranter, cafeer og kantiner mv.",12711,1.026833333333333,1.071333333333333
2021,4,11.2,Overnatningsfaciliteter,3972,.9894166666666666,1.06875
2021,4,12.1,Personlig pleje,5702,1.002166666666667,1.022833333333333
2021,4,12.3,Andre personlige effekter,1488,1.036083333333333,1.026916666666667
2021,4,12.4,Daginstitutioner og social forsorg,2761,1.024,1.053
2021,4,12.5,Forsikring,19889,1.012,1.0185
2021,4,12.6,Finansielle tjenester,658,1.0125,1.023333333333333
2021,4,12.7,Andre tjenester,1502,1.039583333333333,1.060583333333333
2021,5,01.1,Fødevarer,31060,1.006083333333333,1.117833333333333
2021,5,01.2,Ikke-alkoholiske drikkevarer,3035,1.0055,1.072166666666667
2021,5,02.1,Alkoholiske drikkevarer,4137,1.005166666666667,1.03875
2021,5,02.2,Tobak,1600,1.1825,1.07675
2021,5,03.1,Beklædning,7712,.9998333333333334,1.022416666666667
2021,5,03.2,Fodtøj,2829,.9831666666666666,1.018666666666667
2021,5,04.1,Faktisk husleje,26010,1.01275,1.020333333333333
2021,5,04.2,Beregnet lejeværdi af bolig,31079,1.012666666666667,1.02075
2021,5,04.3,Vedligeholdelse og reparation af bolig,2828,1.02575,1.131583333333333
2021,5,04.4,Vandforsyning og andre tjenester i forbindelse med boligen,8701,1.023,1.01575
2021,5,04.5,"Elektricitet, gas og andet brændsel",28413,1.115833333333333,1.554333333333333
2021,5,05.1,"Møbler og boligudstyr, tæpper og anden gulvbelægning",5180,.99475,1.108083333333333
2021,5,05.2,Boligtekstiler,1060,1.004583333333333,1.05775
2021,5,05.3,Husholdningsapparater og reparation heraf,3167,.9963333333333333,1.054166666666667
2021,5,05.4,"Glas, service og husholdningsredskaber",1773,.9283333333333333,1.0095
2021,5,05.5,Værktøj og udstyr til hus og have,1230,.9463333333333334,1.066416666666667
2021,5,05.6,Andre varer og tjenester til husholdningen,2587,1.007416666666667,1.078416666666667
2021,5,06.1,"Medicinske produkter, apparater og medicinsk udstyr",2999,.9849166666666667,1.019
2021,5,06.2,Ambulant behandling,3639,1.021166666666667,1.023416666666667
2021,5,06.3,Hospitalstjenester,0,1.002166666666667,1.01225
2021,5,07.1,Køb af køretøjer,11668,1.022,1.086666666666667
2021,5,07.2,Drift af personlige transportmidler,16317,1.068416666666667,1.110333333333333
2021,5,07.3,Transporttjenester,1719,.9495833333333333,1.080666666666667
2021,5,08.1,Posttjenester,195,1.044,1.039
2021,5,08.2,Telefon- og telefaxudstyr,1459,.98725,1.064083333333333
2021,5,08.3,Teletjenester,6989,.97375,1.0115
2021,5,09.1,Audiovisuelt og fotografisk udstyr og dataudstyr,2198,.9784166666666667,.9866666666666667
2021,5,09.2,Andre større varige forbrugsgoder til fritids- og kulturaktiviteter,-1151,1.016333333333333,1.10875
2021,5,09.3,"Andet tilbehør og udstyr til fritid, haver og kæledyr",6292,1.00475,1.028833333333333
2021,5,09.4,Fritids- og kulturtjenester,8180,1.031916666666667,1.045416666666667
2021,5,09.5,"Aviser, bøger og papirvarer",2020,1.023083333333333,1.010333333333333
2021,5,09.6,Pakkerejser,7971,1.00825,1.12
2021,5,10.,Uddannelse,1211,1.031333333333333,1.0245
2021,5,11.1,"Restauranter, cafeer og kantiner mv.",9773,1.027833333333333,1.073083333333333
2021,5,11.2,Overnatningsfaciliteter,1814,.9980833333333333,1.149583333333333
2021,5,12.1,Personlig pleje,5492,1.00175,1.017416666666667
2021,5,12.3,Andre personlige effekter,2066,1.024083333333333,1.032916666666667
2021,5,12.4,Daginstitutioner og social forsorg,2239,1.041,1.057
2021,5,12.5,Forsikring,19686,1.01175,1.0195
2021,5,12.6,Finansielle tjenester,1140,1.009666666666667,1.01775
2021,5,12.7,Andre tjenester,496,1.038416666666667,1.060166666666667
2022,1,01.1,Fødevarer,40081,1.122416666666667,1.087166666666667
2022,1,01.2,Ikke-alkoholiske drikkevarer,4160,1.071916666666667,1.089833333333333
2022,1,02.1,Alkoholiske drikkevarer,6921,1.045333333333333,1.04925
2022,1,02.2,Tobak,2274,1.081083333333333,1.036166666666667
2022,1,03.1,Beklædning,10509,1.026583333333333,1.012333333333333
2022,1,03.2,Fodtøj,2147,1.02625,1.028583333333333
2022,1,04.1,Faktisk husleje,42169,1.02075,1.02725
2022,1,04.2,Beregnet lejeværdi af bolig,52830,1.02075,1.027416666666667
2022,1,04.3,Vedligeholdelse og reparation af bolig,2980,1.09675,1.058416666666667
2022,1,04.4,Vandforsyning og andre tjenester i forbindelse med boligen,11168,1.014,1.048
2022,1,04.5,"Elektricitet, gas og andet brændsel",30848,1.357833333333333,.9110833333333332
2022,1,05.1,"Møbler og boligudstyr, tæpper og anden gulvbelægning",7558,1.122416666666667,1.055833333333333
2022,1,05.2,Boligtekstiler,1389,1.062083333333333,1.054
2022,1,05.3,Husholdningsapparater og reparation heraf,2144,1.053333333333333,1.048166666666667
2022,1,05.4,"Glas, service og husholdningsredskaber",1754,1.0185,.9693333333333334
2022,1,05.5,Værktøj og udstyr til hus og have,1155,1.057,1.043166666666667
2022,1,05.6,Andre varer og tjenester til husholdningen,3794,1.096666666666667,1.10675
2022,1,06.1,"Medicinske produkter, apparater og medicinsk udstyr",5308,1.015916666666667,1.02825
2022,1,06.2,Ambulant behandling,5811,1.025416666666667,1.043166666666667
2022,1,06.3,Hospitalstjenester,0,1.01225,1.02125
2022,1,07.1,Køb af køretøjer,19717,1.052166666666667,1.026166666666667
2022,1,07.2,Drift af personlige transportmidler,20844,1.132583333333333,.99275
2022,1,07.3,Transporttjenester,8181,1.043833333333333,1.039333333333333
2022,1,08.1,Posttjenester,83,1.039,1.052
2022,1,08.2,Telefon- og telefaxudstyr,1416,1.06425,1.024666666666667
2022,1,08.3,Teletjenester,6351,1.0095,1.028666666666667
2022,1,09.1,Audiovisuelt og fotografisk udstyr og dataudstyr,3740,.9905833333333334,.9795833333333334
2022,1,09.2,Andre større varige forbrugsgoder til fritids- og kulturaktiviteter,707,1.027,1.108333333333333
2022,1,09.3,"Andet tilbehør og udstyr til fritid, haver og kæledyr",6769,1.033,1.014833333333333
2022,1,09.4,Fritids- og kulturtjenester,10963,1.04425,1.048416666666667
2022,1,09.5,"Aviser, bøger og papirvarer",2911,1.00725,1.069166666666667
2022,1,09.6,Pakkerejser,7476,1.12,1.096833333333333
2022,1,10.,Uddannelse,1792,1.00925,1.045166666666667
2022,1,11.1,"Restauranter, cafeer og kantiner mv.",22566,1.067583333333333,1.072
2022,1,11.2,Overnatningsfaciliteter,8657,1.077083333333333,1.08175
2022,1,12.1,Personlig pleje,6763,1.024416666666667,1.05775
2022,1,12.3,Andre personlige effekter,1540,1.022083333333333,1.011333333333333
2022,1,12.4,Daginstitutioner og social forsorg,4879,1.017,1.056
2022,1,12.5,Forsikring,17771,1.0145,1.05025
2022,1,12.6,Finansielle tjenester,1296,1.022,1.109416666666667
2022,1,12.7,Andre tjenester,979,1.06525,1.015583333333333
2022,2,01.1,Fødevarer,40200,1.124666666666667,1.08875
2022,2,01.2,Ikke-alkoholiske drikkevarer,4321,1.075916666666667,1.08925
2022,2,02.1,Alkoholiske drikkevarer,4838,1.04025,1.046916666666667
2022,2,02.2,Tobak,2104,1.0805,1.031166666666667
2022,2,03.1,Beklædning,9692,1.036166666666667,1.021583333333333
2022,2,03.2,Fodtøj,2063,1.017916666666667,1.03875
2022,2,04.1,Faktisk husleje,26643,1.02075,1.02725
2022,2,04.2,Beregnet lejeværdi af bolig,49250,1.02075,1.027416666666667
2022,2,04.3,Vedligeholdelse og reparation af bolig,2999,1.1175,1.0655
2022,2,04.4,Vandforsyning og andre tjenester i forbindelse med boligen,10798,1.015,1.048
2022,2,04.5,"Elektricitet, gas og andet brændsel",34241,1.407666666666667,.8849166666666667
2022,2,05.1,"Møbler og boligudstyr, tæpper og anden gulvbelægning",7038,1.1095,1.045333333333333
2022,2,05.2,Boligtekstiler,1479,1.063666666666667,1.04
2022,2,05.3,Husholdningsapparater og reparation heraf,4560,1.050333333333333,1.061083333333333
2022,2,05.4,"Glas, service og husholdningsredskaber",1253,1.01475,.9813333333333333
2022,2,05.5,Værktøj og udstyr til hus og have,2159,1.041,1.034166666666667
2022,2,05.6,Andre varer og tjenester til husholdningen,4052,1.09275,1.10175
2022,2,06.1,"Medicinske produkter, apparater og medicinsk udstyr",5729,1.013333333333333,1.02575
2022,2,06.2,Ambulant behandling,5242,1.025166666666667,1.044583333333333
2022,2,06.3,Hospitalstjenester,0,1.01225,1.02125
2022,2,07.1,Køb af køretøjer,41822,1.08175,1.012666666666667
2022,2,07.2,Drift af personlige transportmidler,23130,1.139083333333333,1.001583333333333
2022,2,07.3,Transporttjenester,4810,1.044583333333333,1.031333333333333
2022,2,08.1,Posttjenester,81,1.039,1.052
2022,2,08.2,Telefon- og telefaxudstyr,1797,1.06425,1.02475
2022,2,08.3,Teletjenester,7692,1.012916666666667,1.02825
2022,2,09.1,Audiovisuelt og fotografisk udstyr og dataudstyr,3522,.9828333333333333,.98975
2022,2,09.2,Andre større varige forbrugsgoder til fritids- og kulturaktiviteter,1972,1.128583333333333,1.106916666666667
2022,2,09.3,"Andet tilbehør og udstyr til fritid, haver og kæledyr",7615,1.025083333333333,1.02025
2022,2,09.4,Fritids- og kulturtjenester,9251,1.046083333333333,1.048416666666667
2022,2,09.5,"Aviser, bøger og papirvarer",2304,1.006416666666667,1.056083333333333
2022,2,09.6,Pakkerejser,8906,1.12,1.096833333333333
2022,2,10.,Uddannelse,1157,1.021916666666667,1.038083333333333
2022,2,11.1,"Restauranter, cafeer og kantiner mv.",12422,1.071,1.074083333333333
2022,2,11.2,Overnatningsfaciliteter,3982,1.1095,1.086416666666667
2022,2,12.1,Personlig pleje,7579,1.024083333333333,1.059
2022,2,12.3,Andre personlige effekter,1473,1.027166666666667,1.0155
2022,2,12.4,Daginstitutioner og social forsorg,3193,1.042,1.053
2022,2,12.5,Forsikring,20289,1.01425,1.0565
2022,2,12.6,Finansielle tjenester,847,1.024833333333333,1.084
2022,2,12.7,Andre tjenester,834,1.092416666666667,1.022333333333333
2022,3,01.1,Fødevarer,37311,1.121583333333333,1.0855
2022,3,01.2,Ikke-alkoholiske drikkevarer,3684,1.07225,1.087
2022,3,02.1,Alkoholiske drikkevarer,3926,1.039416666666667,1.0495
2022,3,02.2,Tobak,1827,1.077166666666667,1.034
2022,3,03.1,Beklædning,8716,1.029083333333333,1.012416666666667
2022,3,03.2,Fodtøj,1930,1.017583333333333,1.039333333333333
2022,3,04.1,Faktisk husleje,26019,1.020333333333333,1.027083333333333
2022,3,04.2,Beregnet lejeværdi af bolig,37181,1.02075,1.027416666666667
2022,3,04.3,Vedligeholdelse og reparation af bolig,3563,1.132083333333333,1.055916666666667
2022,3,04.4,Vandforsyning og andre tjenester i forbindelse med boligen,9793,1.0125,1.047
2022,3,04.5,"Elektricitet, gas og andet brændsel",29523,1.478666666666667,.8696666666666666
2022,3,05.1,"Møbler og boligudstyr, tæpper og anden gulvbelægning",8305,1.11375,1.047333333333333
2022,3,05.2,Boligtekstiler,1720,1.073583333333333,1.036833333333333
2022,3,05.3,Husholdningsapparater og reparation heraf,2765,1.04325,1.056833333333333
2022,3,05.4,"Glas, service og husholdningsredskaber",1501,1.03075,.9771666666666666
2022,3,05.5,Værktøj og udstyr til hus og have,1834,1.069166666666667,1.03625
2022,3,05.6,Andre varer og tjenester til husholdningen,2982,1.093166666666667,1.103833333333333
2022,3,06.1,"Medicinske produkter, apparater og medicinsk udstyr",4777,1.018333333333333,1.032583333333333
2022,3,06.2,Ambulant behandling,4265,1.025416666666667,1.045833333333333
2022,3,06.3,Hospitalstjenester,69,1.01225,1.02125
2022,3,07.1,Køb af køretøjer,17911,1.089916666666667,1.013833333333333
2022,3,07.2,Drift af personlige transportmidler,23116,1.139833333333333,.9934999999999999
2022,3,07.3,Transporttjenester,3260,1.046416666666667,1.05025
2022,3,08.1,Posttjenester,66,1.039,1.052
2022,3,08.2,Telefon- og telefaxudstyr,1228,1.06425,1.024666666666667
2022,3,08.3,Teletjenester,7453,1.010333333333333,1.0305
2022,3,09.1,Audiovisuelt og fotografisk udstyr og dataudstyr,3490,.992,1.00675
2022,3,09.2,Andre større varige forbrugsgoder til fritids- og kulturaktiviteter,776,1.090416666666667,1.0175
2022,3,09.3,"Andet tilbehør og udstyr til fritid, haver og kæledyr",8570,1.03825,1.028083333333333
2022,3,09.4,Fritids- og kulturtjenester,8223,1.043583333333333,1.04525
2022,3,09.5,"Aviser, bøger og papirvarer",2519,.9963333333333333,1.057
2022,3,09.6,Pakkerejser,9035,1.12,1.096833333333333
2022,3,10.,Uddannelse,2067,1.020166666666667,1.046416666666667
2022,3,11.1,"Restauranter, cafeer og kantiner mv.",11860,1.07025,1.074333333333333
2022,3,11.2,Overnatningsfaciliteter,6008,1.181333333333333,1.124083333333333
2022,3,12.1,Personlig pleje,5758,1.022333333333333,1.056916666666667
2022,3,12.3,Andre personlige effekter,1847,1.029583333333333,1.024916666666667
2022,3,12.4,Daginstitutioner og social forsorg,2752,1.054,1.04
2022,3,12.5,Forsikring,21231,1.017,1.05775
2022,3,12.6,Finansielle tjenester,935,1.022916666666667,1.0785
2022,3,12.7,Andre tjenester,1021,1.0715,1.01925
2022,4,01.1,Fødevarer,36054,1.120166666666667,1.0855
2022,4,01.2,Ikke-alkoholiske drikkevarer,3493,1.07375,1.088583333333333
2022,4,02.1,Alkoholiske drikkevarer,4153,1.0405,1.043916666666667
2022,4,02.2,Tobak,2134,1.073916666666667,1.033916666666667
2022,4,03.1,Beklædning,9363,1.022333333333333,1.01575
2022,4,03.2,Fodtøj,2301,1.03125,1.03675
2022,4,04.1,Faktisk husleje,33770,1.02075,1.02725
2022,4,04.2,Beregnet lejeværdi af bolig,44292,1.02075,1.027416666666667
2022,4,04.3,Vedligeholdelse og reparation af bolig,3060,1.154916666666667,1.061166666666667
2022,4,04.4,Vandforsyning og andre tjenester i forbindelse med boligen,10072,1.0115,1.044
2022,4,04.5,"Elektricitet, gas og andet brændsel",31958,1.494583333333333,.8537500000000001
2022,4,05.1,"Møbler og boligudstyr, tæpper og anden gulvbelægning",9288,1.113666666666667,1.044583333333333
2022,4,05.2,Boligtekstiler,1898,1.07275,1.046416666666667
2022,4,05.3,Husholdningsapparater og reparation heraf,2868,1.039583333333333,1.057416666666667
2022,4,05.4,"Glas, service og husholdningsredskaber",2009,1.032833333333333,.9689166666666666
2022,4,05.5,Værktøj og udstyr til hus og have,1774,1.066583333333333,1.045833333333333
2022,4,05.6,Andre varer og tjenester til husholdningen,3038,1.095333333333333,1.099
2022,4,06.1,"Medicinske produkter, apparater og medicinsk udstyr",4915,1.015333333333333,1.028833333333333
2022,4,06.2,Ambulant behandling,4440,1.0245,1.045
2022,4,06.3,Hospitalstjenester,0,1.01225,1.02125
2022,4,07.1,Køb af køretøjer,17731,1.093083333333333,1.018916666666667
2022,4,07.2,Drift af personlige transportmidler,24614,1.125,1.001583333333333
2022,4,07.3,Transporttjenester,3864,1.066083333333333,1.031333333333333
2022,4,08.1,Posttjenester,41,1.039,1.052
2022,4,08.2,Telefon- og telefaxudstyr,1813,1.064416666666667,1.02475
2022,4,08.3,Teletjenester,7135,1.010166666666667,1.0295
2022,4,09.1,Audiovisuelt og fotografisk udstyr og dataudstyr,5527,.9910833333333333,.9920833333333333
2022,4,09.2,Andre større varige forbrugsgoder til fritids- og kulturaktiviteter,1019,1.070416666666667,1.08825
2022,4,09.3,"Andet tilbehør og udstyr til fritid, haver og kæledyr",6839,1.03625,1.03725
2022,4,09.4,Fritids- og kulturtjenester,9159,1.038833333333333,1.047416666666667
2022,4,09.5,"Aviser, bøger og papirvarer",2273,1.030666666666667,1.047
2022,4,09.6,Pakkerejser,10618,1.12,1.096833333333333
2022,4,10.,Uddanelse,1674,1.026,1.045083333333333
2022,4,11.1,"Restauranter, cafeer og kantiner mv.",15032,1.071333333333333,1.075166666666667
2022,4,11.2,Overnatningsfaciliteter,7049,1.06875,1.18875
2022,4,12.1,Personlig pleje,6094,1.022833333333333,1.060916666666667
2022,4,12.3,Andre personlige effekter,1504,1.026916666666667,1.01025
2022,4,12.4,Daginstitutioner og social forsorg,3069,1.053,1.039
2022,4,12.5,Forsikring,21376,1.0185,1.06075
2022,4,12.6,Finansielle tjenester,1076,1.023333333333333,1.080666666666667
2022,4,12.7,Andre tjenester,701,1.060583333333333,1.02225
2022,5,01.1,Fødevarer,33122,1.117833333333333,1.083666666666667
2022,5,01.2,Ikke-alkoholiske drikkevarer,3515,1.072166666666667,1.090166666666667
2022,5,02.1,Alkoholiske drikkevarer,3738,1.03875,1.038916666666667
2022,5,02.2,Tobak,1618,1.07675,1.031
2022,5,03.1,Beklædning,9295,1.022416666666667,1.018916666666667
2022,5,03.2,Fodtøj,2056,1.018666666666667,1.028
2022,5,04.1,Faktisk husleje,29366,1.020333333333333,1.028083333333333
2022,5,04.2,Beregnet lejeværdi af bolig,28507,1.02075,1.027416666666667
2022,5,04.3,Vedligeholdelse og reparation af bolig,2250,1.131583333333333,1.065416666666667
2022,5,04.4,Vandforsyning og andre tjenester i forbindelse med boligen,8454,1.01575,1.04
2022,5,04.5,"Elektricitet, gas og andet brændsel",32642,1.554333333333333,.8502500000000001
2022,5,05.1,"Møbler og boligudstyr, tæpper og anden gulvbelægning",4483,1.108083333333333,1.052583333333333
2022,5,05.2,Boligtekstiler,747,1.05775,1.02075
2022,5,05.3,Husholdningsapparater og reparation heraf,2327,1.054166666666667,1.07125
2022,5,05.4,"Glas, service og husholdningsredskaber",1000,1.0095,.9758333333333333
2022,5,05.5,Værktøj og udstyr til hus og have,873,1.066416666666667,1.04825
2022,5,05.6,Andre varer og tjenester til husholdningen,2783,1.078416666666667,1.092833333333333
2022,5,06.1,"Medicinske produkter, apparater og medicinsk udstyr",3066,1.019,1.030916666666667
2022,5,06.2,Ambulant behandling,4037,1.023416666666667,1.045666666666667
2022,5,06.3,Hospitalstjenester,4,1.01225,1.02125
2022,5,07.1,Køb af køretøjer,16650,1.086666666666667,1.017166666666667
2022,5,07.2,Drift af personlige transportmidler,17901,1.110333333333333,1.001083333333333
2022,5,07.3,Transporttjenester,3595,1.080666666666667,1.022333333333333
2022,5,08.1,Posttjenester,165,1.039,1.052
2022,5,08.2,Telefon- og telefaxudstyr,850,1.064083333333333,1.024916666666667
2022,5,08.3,Teletjenester,6412,1.0115,1.03025
2022,5,09.1,Audiovisuelt og fotografisk udstyr og dataudstyr,2155,.9866666666666667,1.000916666666667
2022,5,09.2,Andre større varige forbrugsgoder til fritids- og kulturaktiviteter,2460,1.10875,1.0535
2022,5,09.3,"Andet tilbehør og udstyr til fritid, haver og kæledyr",7167,1.028833333333333,1.024583333333333
2022,5,09.4,Fritids- og kulturtjenester,8155,1.045416666666667,1.04725
2022,5,09.5,"Aviser, bøger og papirvarer",1675,1.010333333333333,1.049666666666667
2022,5,09.6,Pakkerejser,5603,1.12,1.096833333333333
2022,5,10.,Uddannelse,1330,1.0245,1.04125
2022,5,11.1,"Restauranter, cafeer og kantiner mv.",10529,1.073083333333333,1.075166666666667
2022,5,11.2,Overnatningsfaciliteter,4422,1.149583333333333,1.100916666666667
2022,5,12.1,Personlig pleje,5041,1.017416666666667,1.055416666666667
2022,5,12.3,Andre personlige effekter,1195,1.032916666666667,1.019583333333333
2022,5,12.4,Daginstitutioner og social forsorg,2707,1.057,1.04
2022,5,12.5,Forsikring,18875,1.0195,1.06175
2022,5,12.6,Finansielle tjenester,605,1.01775,1.066166666666667
2022,5,12.7,Andre tjenester,1007,1.060166666666667,1.023166666666667
